Dataset,Distance,Radius,Algorithm,Silhouette Score,Adjusted Rand Index,Execution Time
abstenteeism_at_work,manhattan,17.672331556348762,Maiores Distancias,0.24030173404208405,0.019608103123979134,0.03336381912231445
abstenteeism_at_work,manhattan,17.53982674886529,Maiores Distancias,0.277104418614353,0.026034644388797566,0.049639225006103516
abstenteeism_at_work,manhattan,18.393148858431807,Maiores Distancias,0.14162821775227008,0.022408414984539174,0.0350344181060791
abstenteeism_at_work,manhattan,17.007401369621842,Maiores Distancias,0.2524913053724156,0.02362394419809436,0.033249616622924805
abstenteeism_at_work,manhattan,17.672331556348762,Maiores Distancias,0.2972607878910208,0.02285671580665937,0.0499422550201416
abstenteeism_at_work,manhattan,17.672331556348762,Maiores Distancias,0.27194653856378775,0.03319889378792639,0.10958147048950195
abstenteeism_at_work,manhattan,17.830554882298255,Maiores Distancias,0.21875670292031243,0.018412452988805814,0.08893084526062012
abstenteeism_at_work,manhattan,17.968053540797094,Maiores Distancias,0.22714128049631638,0.03070609935800129,0.08252358436584473
abstenteeism_at_work,manhattan,17.672331556348762,Maiores Distancias,0.25327273280854556,0.03131757501129888,0.05332207679748535
abstenteeism_at_work,manhattan,17.815878357950318,Maiores Distancias,0.2632290216433247,0.03593692577340333,0.04970526695251465
abstenteeism_at_work,manhattan,17.672331556348762,Maiores Distancias,0.24044125605390584,0.040715356379724565,0.0498654842376709
abstenteeism_at_work,manhattan,17.90145023234082,Maiores Distancias,0.25174183194925703,0.032980193833456004,0.050025224685668945
abstenteeism_at_work,manhattan,17.79002503332125,Maiores Distancias,0.2400491376785742,0.015189324664633781,0.04967069625854492
abstenteeism_at_work,manhattan,18.116330630925223,Maiores Distancias,0.24383903637104762,0.02667160578546308,0.053951263427734375
abstenteeism_at_work,manhattan,17.766825552616332,Maiores Distancias,0.20436065394535574,0.029552311318429874,0.0333406925201416
abstenteeism_at_work,manhattan,17.672331556348762,Maiores Distancias,0.21229528515065188,0.0362584459657413,0.04779529571533203
abstenteeism_at_work,manhattan,17.989785461547047,Maiores Distancias,0.23014549674785953,0.028829947005865806,0.04990124702453613
abstenteeism_at_work,manhattan,17.26032755135923,Maiores Distancias,0.1877315579401751,0.023728384342002164,0.03557443618774414
abstenteeism_at_work,manhattan,17.379141465091013,Maiores Distancias,0.2394202412946464,0.022687128137934623,0.048131465911865234
abstenteeism_at_work,manhattan,17.672331556348762,Maiores Distancias,0.2375923037717229,0.027836007699242535,0.04975247383117676
abstenteeism_at_work,manhattan,17.637516180158993,Maiores Distancias,0.24553629018947193,0.020137853396589463,0.050118207931518555
abstenteeism_at_work,manhattan,17.672331556348762,Maiores Distancias,0.2382057987668579,0.0195439511221628,0.03302121162414551
abstenteeism_at_work,manhattan,17.54245435398125,Maiores Distancias,0.2610461603043112,0.02315199645836359,0.049831390380859375
abstenteeism_at_work,manhattan,17.672331556348762,Maiores Distancias,0.24977185170669866,0.020856026682154936,0.033826351165771484
abstenteeism_at_work,manhattan,17.544630107205663,Maiores Distancias,0.24707355752450982,0.03038289212554849,0.03037858009338379
abstenteeism_at_work,manhattan,16.95331039363011,Maiores Distancias,0.22346659700040963,0.02526764630343858,0.0499420166015625
abstenteeism_at_work,manhattan,17.766825552616332,Maiores Distancias,0.23715627541332485,0.024920769046647043,0.04967379570007324
abstenteeism_at_work,manhattan,17.672331556348762,Maiores Distancias,0.23730533916414268,0.024644561530998525,0.03279733657836914
abstenteeism_at_work,manhattan,17.740167622340298,Maiores Distancias,0.2113742974450919,0.01923358197946603,0.046082496643066406
abstenteeism_at_work,manhattan,17.554163879493135,Maiores Distancias,0.26645021658588947,0.019509340465624112,0.0379180908203125
abstenteeism_at_work,euclidean,6.206842405248124,Maiores Distancias,0.1417604629994876,0.03061498797881617,0.04994702339172363
abstenteeism_at_work,euclidean,6.014072706576219,Maiores Distancias,0.15885952312385393,0.03145240176514134,0.033789873123168945
abstenteeism_at_work,euclidean,6.308287322450466,Maiores Distancias,0.1184305652647825,0.040542094096388086,0.052963972091674805
abstenteeism_at_work,euclidean,6.272411068006399,Maiores Distancias,0.11051488685859007,0.037842736459884986,0.033014535903930664
abstenteeism_at_work,euclidean,6.014044169269988,Maiores Distancias,0.0909977544969856,0.04847716882854592,0.03559517860412598
abstenteeism_at_work,euclidean,6.246620258521318,Maiores Distancias,0.13605349258634056,0.03254294121774554,0.03302788734436035
abstenteeism_at_work,euclidean,6.206945665771833,Maiores Distancias,0.13361902164608003,0.036070508572362416,0.03314328193664551
abstenteeism_at_work,euclidean,6.173333600771953,Maiores Distancias,0.1216224783050423,0.026487896235692473,0.032158613204956055
abstenteeism_at_work,euclidean,6.083818285674667,Maiores Distancias,0.12004588466633098,0.03764866821547074,0.0328974723815918
abstenteeism_at_work,euclidean,6.097278684456291,Maiores Distancias,0.13358379641629098,0.034553772043868246,0.0308837890625
abstenteeism_at_work,euclidean,6.196937310407992,Maiores Distancias,0.10631067669981334,0.05912511236140281,0.03460335731506348
abstenteeism_at_work,euclidean,6.038669465501204,Maiores Distancias,0.12142078577828742,0.034566839541510866,0.03295326232910156
abstenteeism_at_work,euclidean,6.211260171091511,Maiores Distancias,0.14367570603780863,0.04131764230550123,0.03354644775390625
abstenteeism_at_work,euclidean,6.178080661313406,Maiores Distancias,0.09929261454031012,0.03852771908697939,0.0484468936920166
abstenteeism_at_work,euclidean,6.037982572857937,Maiores Distancias,0.07931530086699497,0.05524766375266493,0.04982256889343262
abstenteeism_at_work,euclidean,6.086214016411956,Maiores Distancias,0.12287126161399446,0.0392088699677613,0.05020618438720703
abstenteeism_at_work,euclidean,6.308287322450466,Maiores Distancias,0.1184305652647825,0.040542094096388086,0.0491938591003418
abstenteeism_at_work,euclidean,6.226417120031903,Maiores Distancias,0.12313789417370634,0.02363653144360426,0.04687809944152832
abstenteeism_at_work,euclidean,6.063819601488247,Maiores Distancias,0.15479087346533146,0.030600212522256132,0.04992389678955078
abstenteeism_at_work,euclidean,5.967691412237054,Maiores Distancias,0.12360215489798827,0.03571707420873611,0.049991607666015625
abstenteeism_at_work,euclidean,6.038669465501204,Maiores Distancias,0.13490542986160434,0.03248256028166568,0.049929141998291016
abstenteeism_at_work,euclidean,6.099748833969566,Maiores Distancias,0.1085193683809519,0.04954709693083835,0.0531005859375
abstenteeism_at_work,euclidean,6.199896696843566,Maiores Distancias,0.13375870335370493,0.032200437296399174,0.046853065490722656
abstenteeism_at_work,euclidean,5.791233504424835,Maiores Distancias,0.08878943853435006,0.023827620739007776,0.053328752517700195
abstenteeism_at_work,euclidean,6.083818285674667,Maiores Distancias,0.12397995495897099,0.024617263300622583,0.04644894599914551
abstenteeism_at_work,euclidean,5.963909898443917,Maiores Distancias,0.14021142493943417,0.027036643556038045,0.0504150390625
abstenteeism_at_work,euclidean,5.791233504424835,Maiores Distancias,0.08878943853435006,0.023827620739007776,0.04982399940490723
abstenteeism_at_work,euclidean,6.131441889541055,Maiores Distancias,0.1510366761347967,0.03916552769715056,0.05002641677856445
abstenteeism_at_work,euclidean,6.135490000651612,Maiores Distancias,0.11077038737623844,0.036502971034601546,0.04975247383117676
abstenteeism_at_work,euclidean,6.086214016411956,Maiores Distancias,0.09749404668574208,0.03622478210367158,0.05003833770751953
statlog_vehicle_silhouettes,manhattan,22.78482733891341,Maiores Distancias,0.30463670791292674,0.06895880413083062,0.0
statlog_vehicle_silhouettes,manhattan,22.78482733891341,Maiores Distancias,0.36626314329656917,0.09889421146754995,0.013935565948486328
statlog_vehicle_silhouettes,manhattan,21.005580011022726,Maiores Distancias,0.309889383482749,0.07534009712505935,0.0
statlog_vehicle_silhouettes,manhattan,22.78482733891341,Maiores Distancias,0.1356328763222004,0.012175282005280641,0.0
statlog_vehicle_silhouettes,manhattan,25.507866226041692,Maiores Distancias,0.3442084373745259,0.09294632085129756,0.0
statlog_vehicle_silhouettes,manhattan,22.78482733891341,Maiores Distancias,0.3560217565946342,0.10714337936338922,0.0
statlog_vehicle_silhouettes,manhattan,22.78482733891341,Maiores Distancias,0.36207436132315735,0.09675073424668948,0.016514062881469727
statlog_vehicle_silhouettes,manhattan,22.78482733891341,Maiores Distancias,0.41751122319491907,0.09836509679424339,0.0
statlog_vehicle_silhouettes,manhattan,22.78482733891341,Maiores Distancias,0.41646434454570513,0.10087384515329562,0.001588582992553711
statlog_vehicle_silhouettes,manhattan,22.78482733891341,Maiores Distancias,0.4112001744693356,0.08355825456076246,0.0
statlog_vehicle_silhouettes,manhattan,22.848717146127875,Maiores Distancias,0.4117858756100566,0.10283462582109518,0.0015268325805664062
statlog_vehicle_silhouettes,manhattan,22.78482733891341,Maiores Distancias,0.30355700294778115,0.06910510320145938,0.012755155563354492
statlog_vehicle_silhouettes,manhattan,24.483774022498782,Maiores Distancias,0.19501457343182602,0.018855623234091876,0.0
statlog_vehicle_silhouettes,manhattan,22.396586002590176,Maiores Distancias,0.3109086147900677,0.09632791224883519,0.01644420623779297
statlog_vehicle_silhouettes,manhattan,24.133825762059434,Maiores Distancias,0.2086844967026817,0.017451119278784285,0.0
statlog_vehicle_silhouettes,manhattan,22.78482733891341,Maiores Distancias,0.3599580894966219,0.10643368255315928,0.0
statlog_vehicle_silhouettes,manhattan,22.78482733891341,Maiores Distancias,0.3475423390445624,0.103004062247294,0.0
statlog_vehicle_silhouettes,manhattan,22.78482733891341,Maiores Distancias,0.13879729755301343,0.016814683548800825,0.0
statlog_vehicle_silhouettes,manhattan,23.883209919629667,Maiores Distancias,0.4119612246528647,0.10359238311660329,0.01637554168701172
statlog_vehicle_silhouettes,manhattan,22.396586002590176,Maiores Distancias,0.3067059636844242,0.08941322432119364,0.0
statlog_vehicle_silhouettes,manhattan,22.78482733891341,Maiores Distancias,0.255356084743439,0.07632253064373493,0.016743183135986328
statlog_vehicle_silhouettes,manhattan,24.35339729282031,Maiores Distancias,0.3207641688854618,0.08219862451429506,0.0
statlog_vehicle_silhouettes,manhattan,23.56799339634887,Maiores Distancias,0.42508387241868867,0.08627370844875175,0.00484776496887207
statlog_vehicle_silhouettes,manhattan,22.78482733891341,Maiores Distancias,0.4195188549329193,0.09520900062132431,0.011523723602294922
statlog_vehicle_silhouettes,manhattan,22.78482733891341,Maiores Distancias,0.12973335360971278,0.007582198525129656,0.0
statlog_vehicle_silhouettes,manhattan,22.78482733891341,Maiores Distancias,0.10344644027260515,0.01398401163871125,0.01679515838623047
statlog_vehicle_silhouettes,manhattan,24.8780654938013,Maiores Distancias,0.4208019537486596,0.0962104080908702,0.0
statlog_vehicle_silhouettes,manhattan,24.619868814884963,Maiores Distancias,0.31103008928266906,0.10031757672755112,0.0
statlog_vehicle_silhouettes,manhattan,23.325568677607887,Maiores Distancias,0.31168551977175546,0.07784186059373334,0.0
statlog_vehicle_silhouettes,manhattan,22.78482733891341,Maiores Distancias,0.3112848373240568,0.09240537338130873,0.0
statlog_vehicle_silhouettes,euclidean,7.348706154854802,Maiores Distancias,0.2770843252955756,0.04037212133017113,0.0023221969604492188
statlog_vehicle_silhouettes,euclidean,7.3380523493765475,Maiores Distancias,0.34531834243338594,0.01963919400979022,0.0
statlog_vehicle_silhouettes,euclidean,6.879789536804743,Maiores Distancias,0.23845430728527514,0.015612726728266461,0.0
statlog_vehicle_silhouettes,euclidean,6.844532514981128,Maiores Distancias,0.35794438957163704,0.023365147302780304,0.0
statlog_vehicle_silhouettes,euclidean,8.502873398228184,Maiores Distancias,0.4090242371685413,0.06453638514305186,0.0
statlog_vehicle_silhouettes,euclidean,8.104287063081259,Maiores Distancias,0.3270581506512099,0.06109936910371812,0.0007545948028564453
statlog_vehicle_silhouettes,euclidean,7.100778833385447,Maiores Distancias,0.2547401598195179,0.023616828824993902,0.0008347034454345703
statlog_vehicle_silhouettes,euclidean,7.632718412066347,Maiores Distancias,0.38200527081622426,0.03717485477292547,0.004619121551513672
statlog_vehicle_silhouettes,euclidean,7.940068351848365,Maiores Distancias,0.21055929023275105,0.017652292815711165,0.0006399154663085938
statlog_vehicle_silhouettes,euclidean,8.142934623823495,Maiores Distancias,0.19989050537760722,0.01101631050153518,0.0007531642913818359
statlog_vehicle_silhouettes,euclidean,7.295498292177974,Maiores Distancias,0.35448845197415074,0.022371875239700433,0.016393184661865234
statlog_vehicle_silhouettes,euclidean,8.233283390049081,Maiores Distancias,0.4024219546739134,0.054483372423269304,0.016935348510742188
statlog_vehicle_silhouettes,euclidean,6.844532514981128,Maiores Distancias,0.3509461891694247,0.020377160347825014,0.016680002212524414
statlog_vehicle_silhouettes,euclidean,7.403973503170016,Maiores Distancias,0.3653502538478689,0.027518062687958273,0.017876386642456055
statlog_vehicle_silhouettes,euclidean,7.13883602764246,Maiores Distancias,0.3648107695395185,0.027772649364527134,0.047453880310058594
statlog_vehicle_silhouettes,euclidean,7.168055306399618,Maiores Distancias,0.27624046831412324,0.09095475417793612,0.0
statlog_vehicle_silhouettes,euclidean,8.359087078154449,Maiores Distancias,0.4096804125730477,0.06380012285855803,0.0
statlog_vehicle_silhouettes,euclidean,7.237601136117251,Maiores Distancias,0.3558853185974426,0.022435704250908014,0.0
statlog_vehicle_silhouettes,euclidean,6.720912585941195,Maiores Distancias,0.15333900555363042,0.031474917241764905,0.0
statlog_vehicle_silhouettes,euclidean,7.225063732506179,Maiores Distancias,0.25421834248354896,0.020024682259930274,0.0
statlog_vehicle_silhouettes,euclidean,7.734145937138536,Maiores Distancias,0.29444979465742926,0.03709344325038669,0.0
statlog_vehicle_silhouettes,euclidean,7.826927475787153,Maiores Distancias,0.2964194323270693,0.037312768387341676,0.0
statlog_vehicle_silhouettes,euclidean,7.912694128419505,Maiores Distancias,0.2898020071380537,0.009691084228636297,0.0
statlog_vehicle_silhouettes,euclidean,6.876323077648776,Maiores Distancias,0.30478468011740156,0.008073811681411403,0.0
statlog_vehicle_silhouettes,euclidean,6.942013050412059,Maiores Distancias,0.2838004944561856,0.05173496103584603,0.0
statlog_vehicle_silhouettes,euclidean,7.309905822847634,Maiores Distancias,0.3638228702707718,0.02608229071319899,0.0
statlog_vehicle_silhouettes,euclidean,7.198245914239814,Maiores Distancias,0.36014122976364654,0.024677130277532246,0.0
statlog_vehicle_silhouettes,euclidean,8.082954536038029,Maiores Distancias,0.300604098324439,0.04996068200796245,0.0
statlog_vehicle_silhouettes,euclidean,7.319711664984969,Maiores Distancias,0.26866104799762386,0.030079441990381952,0.010538339614868164
statlog_vehicle_silhouettes,euclidean,8.029944175281528,Maiores Distancias,0.37347435183416156,0.031522359398196025,0.015006780624389648
rice_cammeo_and_osmancik,manhattan,18.209152257304783,Maiores Distancias,0.26503700226401794,0.02472351638339599,0.0
rice_cammeo_and_osmancik,manhattan,15.104521084149749,Maiores Distancias,0.35601414020251226,0.19288046538908474,0.0
rice_cammeo_and_osmancik,manhattan,18.53902829467001,Maiores Distancias,0.393133848619963,0.3955182797412301,0.0
rice_cammeo_and_osmancik,manhattan,17.22018239432459,Maiores Distancias,0.24409629300936644,-0.013289851989853859,0.0007476806640625
rice_cammeo_and_osmancik,manhattan,16.067988535512747,Maiores Distancias,0.35809273856337054,0.1928318562933299,0.01647186279296875
rice_cammeo_and_osmancik,manhattan,16.001394565019954,Maiores Distancias,0.3715054501938319,0.24985567814892823,0.0
rice_cammeo_and_osmancik,manhattan,20.66727752690919,Maiores Distancias,0.3148914091875042,0.15798114613481587,0.015902280807495117
rice_cammeo_and_osmancik,manhattan,17.770856869644767,Maiores Distancias,0.25688274908675723,-0.015110795464862893,0.01597142219543457
rice_cammeo_and_osmancik,manhattan,16.721001401720706,Maiores Distancias,0.34433253435237937,0.19867361681664286,0.0
rice_cammeo_and_osmancik,manhattan,17.27850776412446,Maiores Distancias,0.26748627981883244,-0.014051734591948513,0.0
rice_cammeo_and_osmancik,manhattan,18.086575710247683,Maiores Distancias,0.3226164557578488,0.07207312892856471,0.0
rice_cammeo_and_osmancik,manhattan,14.981098917085806,Maiores Distancias,0.34920838271687865,0.1709395202662461,0.011925697326660156
rice_cammeo_and_osmancik,manhattan,15.159562097824118,Maiores Distancias,0.3294858489772319,0.06786214617435493,0.0
rice_cammeo_and_osmancik,manhattan,16.406295158594517,Maiores Distancias,0.2505907664756959,-0.013602274709810406,0.01642894744873047
rice_cammeo_and_osmancik,manhattan,16.001394565019954,Maiores Distancias,0.3715054501938319,0.24985567814892823,0.0
rice_cammeo_and_osmancik,manhattan,14.974339988881262,Maiores Distancias,0.40030801483722905,0.36690103274324487,0.0
rice_cammeo_and_osmancik,manhattan,17.870714373458398,Maiores Distancias,0.31994464372496534,0.05929841434767672,0.0
rice_cammeo_and_osmancik,manhattan,15.568685070229652,Maiores Distancias,0.27108068583993516,-0.014303419956955946,0.0
rice_cammeo_and_osmancik,manhattan,18.2382789551199,Maiores Distancias,0.33038894735246327,0.12322278735934382,0.019710063934326172
rice_cammeo_and_osmancik,manhattan,21.34654445307764,Maiores Distancias,0.3077191797493029,0.06767911376874595,0.0
rice_cammeo_and_osmancik,manhattan,16.484797013661222,Maiores Distancias,0.2930949635128895,-0.011546486102619899,0.020862579345703125
rice_cammeo_and_osmancik,manhattan,16.584961525767103,Maiores Distancias,0.39752279050118033,0.3322637692555724,0.013125419616699219
rice_cammeo_and_osmancik,manhattan,19.19454715365676,Maiores Distancias,0.26781260149540503,0.02994380677228554,0.0059986114501953125
rice_cammeo_and_osmancik,manhattan,16.666511449423545,Maiores Distancias,0.3156797703705255,0.07339783924389619,0.0
rice_cammeo_and_osmancik,manhattan,18.011430274278723,Maiores Distancias,0.3242828386648624,0.11657567128393993,0.0
rice_cammeo_and_osmancik,manhattan,14.926442241052188,Maiores Distancias,0.33681955588768087,0.12120735256911484,0.0
rice_cammeo_and_osmancik,manhattan,18.414484329261782,Maiores Distancias,0.26080525985765907,0.036099769232610296,0.0014636516571044922
rice_cammeo_and_osmancik,manhattan,17.73173226401157,Maiores Distancias,0.283277984202766,-0.011641509965516982,0.016480684280395508
rice_cammeo_and_osmancik,manhattan,18.081321607560305,Maiores Distancias,0.3217301754035087,0.051161441931568435,0.0
rice_cammeo_and_osmancik,manhattan,13.606328037430128,Maiores Distancias,0.4185752401618511,0.4634045426410517,0.0
rice_cammeo_and_osmancik,euclidean,6.739068095727108,Maiores Distancias,0.3071447069362352,0.05899005694029446,0.015389680862426758
rice_cammeo_and_osmancik,euclidean,9.175545001191793,Maiores Distancias,0.23238791620378935,0.01008133325337428,0.019649744033813477
rice_cammeo_and_osmancik,euclidean,7.383082965805825,Maiores Distancias,0.3069274994544243,0.08676344580580576,0.0007379055023193359
rice_cammeo_and_osmancik,euclidean,6.149437617234127,Maiores Distancias,0.307436913594065,0.07443134691245533,0.0
rice_cammeo_and_osmancik,euclidean,6.577689929964402,Maiores Distancias,0.3088286385621086,0.10556500773204466,0.015217304229736328
rice_cammeo_and_osmancik,euclidean,6.7190785676174,Maiores Distancias,0.307171721605782,0.05234218538485258,0.0022966861724853516
rice_cammeo_and_osmancik,euclidean,7.276150907599074,Maiores Distancias,0.2857621549828875,-0.010450346035676138,0.0
rice_cammeo_and_osmancik,euclidean,8.202119987566745,Maiores Distancias,0.22905409615264447,-0.0002914012667131265,0.004105567932128906
rice_cammeo_and_osmancik,euclidean,6.268165347787846,Maiores Distancias,0.3170755016000955,0.1368596287144451,0.0007328987121582031
rice_cammeo_and_osmancik,euclidean,7.680767385841544,Maiores Distancias,0.2583033179002013,-0.014759497085373547,0.0
rice_cammeo_and_osmancik,euclidean,8.62804282676042,Maiores Distancias,0.300361933912266,0.08847547345297574,0.020290613174438477
rice_cammeo_and_osmancik,euclidean,7.6825353846579105,Maiores Distancias,0.29855433263410963,0.06951913242056369,0.0
rice_cammeo_and_osmancik,euclidean,7.135364881297857,Maiores Distancias,0.30741998421763606,0.08711687430716336,0.0
rice_cammeo_and_osmancik,euclidean,7.500018522106199,Maiores Distancias,0.2402249392811923,-0.015612783369358904,0.004664182662963867
rice_cammeo_and_osmancik,euclidean,7.485113728108774,Maiores Distancias,0.31707960556934234,0.1381281815037495,0.015108108520507812
rice_cammeo_and_osmancik,euclidean,8.316583555128622,Maiores Distancias,0.23367274006951277,0.01719559731358477,0.0007364749908447266
rice_cammeo_and_osmancik,euclidean,7.765528249790941,Maiores Distancias,0.23959175115371045,-0.015574269472946439,0.0
rice_cammeo_and_osmancik,euclidean,6.994576090009908,Maiores Distancias,0.3059174206571282,0.06944946520217822,0.0
rice_cammeo_and_osmancik,euclidean,7.082446167819854,Maiores Distancias,0.30748367037134433,0.0577620012391551,0.0013184547424316406
rice_cammeo_and_osmancik,euclidean,7.549146973730021,Maiores Distancias,0.30456491482941106,0.08339215698263922,0.015624761581420898
rice_cammeo_and_osmancik,euclidean,6.8893222209102,Maiores Distancias,0.3117078105936385,0.12328208674957149,0.0
rice_cammeo_and_osmancik,euclidean,6.51698166575241,Maiores Distancias,0.31388391599579657,0.12201192328263791,0.0
rice_cammeo_and_osmancik,euclidean,8.202119987566745,Maiores Distancias,0.23107350899169884,0.01035269433575019,0.0
rice_cammeo_and_osmancik,euclidean,7.206829150015303,Maiores Distancias,0.28764808298705036,-0.010527292704228718,0.010993003845214844
rice_cammeo_and_osmancik,euclidean,7.500642709043512,Maiores Distancias,0.2658319160952079,-0.013479455363243567,0.002556324005126953
rice_cammeo_and_osmancik,euclidean,7.880691529406535,Maiores Distancias,0.2613246900493817,-0.013821103144575938,0.0005645751953125
rice_cammeo_and_osmancik,euclidean,7.557661192021873,Maiores Distancias,0.31122529803944615,0.10395351305766738,0.005097150802612305
rice_cammeo_and_osmancik,euclidean,6.341947190818919,Maiores Distancias,0.3170533886136338,0.14976135438779123,0.0
rice_cammeo_and_osmancik,euclidean,6.1824881301094265,Maiores Distancias,0.31055835375758245,0.11133062472330262,0.018690824508666992
rice_cammeo_and_osmancik,euclidean,6.787605338501425,Maiores Distancias,0.3323575433036647,0.21387289803843854,0.0
raisin,manhattan,17.963134895197474,Maiores Distancias,0.4529260886166019,0.3647187945287286,0.0
raisin,manhattan,16.746052149424727,Maiores Distancias,0.5580413394994238,0.00042572010399577015,0.0
raisin,manhattan,19.082123328500426,Maiores Distancias,0.5195983442450687,0.010673336051182687,0.0
raisin,manhattan,19.082123328500426,Maiores Distancias,0.5273009421603251,0.007695935729539364,0.0019092559814453125
raisin,manhattan,19.89943076483163,Maiores Distancias,0.3643503220208778,0.5051296320940755,0.0
raisin,manhattan,18.606351792167118,Maiores Distancias,0.5157041860305511,0.0034525330355398695,0.01323843002319336
raisin,manhattan,19.082123328500426,Maiores Distancias,0.5376243640851112,0.0022655816920219697,0.0
raisin,manhattan,19.082123328500426,Maiores Distancias,0.5181536898636119,0.013611249998894227,0.0
raisin,manhattan,15.561095726725457,Maiores Distancias,0.41113470792148266,0.4894393740173674,0.0009984970092773438
raisin,manhattan,19.082123328500426,Maiores Distancias,0.5263505227200902,0.004580137951229616,0.0009968280792236328
raisin,manhattan,19.082123328500426,Maiores Distancias,0.5312088380572364,0.005529705879211632,0.0
raisin,manhattan,19.082123328500426,Maiores Distancias,0.5319079621967386,0.004283399224964802,0.0
raisin,manhattan,19.082123328500426,Maiores Distancias,0.5259879775410022,0.00693428849075133,0.0
raisin,manhattan,19.082123328500426,Maiores Distancias,0.5388093990402284,0.002948079295430716,0.0
raisin,manhattan,19.082123328500426,Maiores Distancias,0.5269547236493496,0.005203291153626534,0.013699531555175781
raisin,manhattan,19.082123328500426,Maiores Distancias,0.4843777897999439,0.008930246713201929,0.0
raisin,manhattan,19.082123328500426,Maiores Distancias,0.5229668909147253,0.00809159875451231,0.0
raisin,manhattan,19.082123328500426,Maiores Distancias,0.5165867978211658,0.006212212197913227,0.0
raisin,manhattan,17.37300073292846,Maiores Distancias,0.4758958069493593,0.2909533818893854,0.0
raisin,manhattan,19.082123328500426,Maiores Distancias,0.542681900784832,0.0016721005668330167,0.0006167888641357422
raisin,manhattan,16.068618304168055,Maiores Distancias,0.5848125340723155,7.941134483898029e-05,0.0
raisin,manhattan,19.082123328500426,Maiores Distancias,0.5224670109176998,0.011138253216406876,0.0010006427764892578
raisin,manhattan,16.736189179977707,Maiores Distancias,0.5443379228352353,0.0007521734210863864,0.0010097026824951172
raisin,manhattan,17.432832896055135,Maiores Distancias,0.6265180037787835,4.954896815756985e-05,0.0
raisin,manhattan,17.85794475756095,Maiores Distancias,0.5516384814852971,0.0007521734210863864,0.0
raisin,manhattan,19.082123328500426,Maiores Distancias,0.5344833801765798,0.004580137951229616,0.0
raisin,manhattan,19.082123328500426,Maiores Distancias,0.5141056224738298,0.01309686213813481,0.0
raisin,manhattan,17.86998164625439,Maiores Distancias,0.5588473279566357,0.0005246485928676324,0.0010457038879394531
raisin,manhattan,17.808150797049002,Maiores Distancias,0.5924608396780623,0.00019793508420297022,0.0
raisin,manhattan,19.082123328500426,Maiores Distancias,0.517231607802476,0.02386978682404226,0.0
raisin,euclidean,8.205808127066312,Maiores Distancias,0.5035487381668277,0.008497154875689788,0.0
raisin,euclidean,6.824298497232785,Maiores Distancias,0.568161067514509,0.00018826867207374015,0.0
raisin,euclidean,7.519372388280743,Maiores Distancias,0.6258096785963446,4.954896815756985e-05,0.0
raisin,euclidean,7.438915222865378,Maiores Distancias,0.6258096785963446,4.954896815756985e-05,0.0
raisin,euclidean,7.703129464836013,Maiores Distancias,0.5642690652183303,0.0002575302832650735,0.0
raisin,euclidean,8.205808127066312,Maiores Distancias,0.538046520523748,0.0011676323505094492,0.0
raisin,euclidean,7.951783732619974,Maiores Distancias,0.5499474640746418,0.000336680713908799,0.0
raisin,euclidean,8.205808127066312,Maiores Distancias,0.538046520523748,0.0011676323505094492,0.0
raisin,euclidean,8.205808127066312,Maiores Distancias,0.5232489442899245,0.003195360545518274,0.0
raisin,euclidean,8.205808127066312,Maiores Distancias,0.5091016093797532,0.00693428849075133,0.0
raisin,euclidean,7.852628028723805,Maiores Distancias,0.6218985889204124,-9.712037217581318e-06,0.0
raisin,euclidean,8.205808127066312,Maiores Distancias,0.5255909604992299,0.002483189998607271,0.0
raisin,euclidean,8.205808127066312,Maiores Distancias,0.4574171880091122,0.013105429673295128,0.0
raisin,euclidean,8.18492956948534,Maiores Distancias,0.40111094700072475,0.4350216037644856,0.0
raisin,euclidean,6.826953620229132,Maiores Distancias,0.5965501748624754,3.981534556808511e-05,0.0
raisin,euclidean,8.205808127066312,Maiores Distancias,0.5300899735123911,0.0016721005668330167,0.0
raisin,euclidean,7.178808856675702,Maiores Distancias,0.5585876050532537,0.00012889573969476802,0.0
raisin,euclidean,8.205808127066312,Maiores Distancias,0.5255733196969923,0.002948079295430716,0.0
raisin,euclidean,8.162893920207631,Maiores Distancias,0.539019519552059,0.0006334663192167924,0.0
raisin,euclidean,8.10927558297778,Maiores Distancias,0.48393174674562645,0.0022655816920219697,0.0
raisin,euclidean,8.205808127066312,Maiores Distancias,0.5338032228136469,0.0014940543492979088,0.00047278404235839844
raisin,euclidean,7.756569439262814,Maiores Distancias,0.5210462014088357,0.0016721005668330167,0.0
raisin,euclidean,6.784619228127248,Maiores Distancias,0.6218985889204124,-9.712037217581318e-06,0.0
raisin,euclidean,6.51844643795446,Maiores Distancias,0.5965501748624754,3.981534556808511e-05,0.0
raisin,euclidean,8.205808127066312,Maiores Distancias,0.5263054586817489,0.002057864105671935,0.0009987354278564453
raisin,euclidean,8.205808127066312,Maiores Distancias,0.5489458471901312,0.0007521734210863864,0.0
raisin,euclidean,8.205808127066312,Maiores Distancias,0.5368306375169981,0.0013258983219056788,0.0
raisin,euclidean,8.205808127066312,Maiores Distancias,0.523829024791796,0.002948079295430716,0.0
raisin,euclidean,8.205808127066312,Maiores Distancias,0.5263799530495703,0.0027106891563270074,0.0
raisin,euclidean,8.205808127066312,Maiores Distancias,0.5172001492800735,0.003719596893795971,0.0
wine_quality,manhattan,21.90580766905568,Maiores Distancias,0.08072921537762383,0.0014948244081888194,0.08592915534973145
wine_quality,manhattan,21.21242540008611,Maiores Distancias,0.10585033538111077,-0.0044240598389926975,0.07749152183532715
wine_quality,manhattan,20.5590932775589,Maiores Distancias,0.2406995789394906,0.0022304434916971165,0.08725929260253906
wine_quality,manhattan,21.771391136335858,Maiores Distancias,0.14576079334000872,-0.0003388281178013347,0.06347918510437012
wine_quality,manhattan,21.975868125224324,Maiores Distancias,0.23875098462787633,0.001180309508238309,0.06356358528137207
wine_quality,manhattan,20.661409343657922,Maiores Distancias,0.012466151689957952,0.03606151845484546,0.06849026679992676
wine_quality,manhattan,21.183506238924338,Maiores Distancias,0.05375502615811065,0.011064658604969484,0.12062644958496094
wine_quality,manhattan,21.83260075080856,Maiores Distancias,0.25248847579227635,0.0009286043301854434,0.06126976013183594
wine_quality,manhattan,23.0969779059366,Maiores Distancias,0.18304846078274822,0.006180883030134982,0.06636619567871094
wine_quality,manhattan,21.771391136335858,Maiores Distancias,0.1486790490069918,0.009292536672419128,0.06675291061401367
wine_quality,manhattan,20.37038401121057,Maiores Distancias,0.22984017954220448,0.0044748370608390965,0.06652069091796875
wine_quality,manhattan,21.481973819637172,Maiores Distancias,-0.004951992522602246,0.03844115746613651,0.06927251815795898
wine_quality,manhattan,22.23807617218824,Maiores Distancias,0.14522918136978155,0.005705540413133313,0.08365297317504883
wine_quality,manhattan,23.84890801509378,Maiores Distancias,0.13539288406845143,0.013984537927148214,0.06633853912353516
wine_quality,manhattan,21.168412231036214,Maiores Distancias,0.2572403968888852,0.000941770818240259,0.06474494934082031
wine_quality,manhattan,21.168412231036214,Maiores Distancias,0.23880935317342641,0.0037081158932635114,0.07242417335510254
wine_quality,manhattan,22.554225108003198,Maiores Distancias,0.18318943023374398,0.004977074132827221,0.06430506706237793
wine_quality,manhattan,20.611972758165056,Maiores Distancias,0.10078122491354499,0.03137326905097976,0.07418274879455566
wine_quality,manhattan,20.167503487357546,Maiores Distancias,0.24861051753245045,-0.0011059398513896003,0.06074118614196777
wine_quality,manhattan,21.619928341173395,Maiores Distancias,0.24648364554847402,0.0006355500588083177,0.08334469795227051
wine_quality,manhattan,23.197343983350105,Maiores Distancias,0.2526364628852968,-0.0030816836897033587,0.07599067687988281
wine_quality,manhattan,20.854779367700317,Maiores Distancias,0.12323775809308181,-0.005944544829517682,0.06645655632019043
wine_quality,manhattan,21.3377072042721,Maiores Distancias,0.24609954433644696,0.003306276916205345,0.0698707103729248
wine_quality,manhattan,20.167503487357546,Maiores Distancias,0.2342899735300379,0.004360285705237448,0.08331799507141113
wine_quality,manhattan,22.21954486158439,Maiores Distancias,0.16580107187277632,-0.006423114193715385,0.06643080711364746
wine_quality,manhattan,22.497759919358735,Maiores Distancias,0.21891761803039167,-0.0018830960353260176,0.06634068489074707
wine_quality,manhattan,19.598369374180592,Maiores Distancias,0.10612461117963687,-0.004733357811912832,0.0648961067199707
wine_quality,manhattan,22.296334261901098,Maiores Distancias,0.2358933628374737,-0.00026072084501983263,0.08322882652282715
wine_quality,manhattan,22.125073893670116,Maiores Distancias,0.14776118995563253,0.033690228676889374,0.06285238265991211
wine_quality,manhattan,22.72297800752634,Maiores Distancias,0.043997023733150765,0.023283279218919165,0.07823824882507324
wine_quality,euclidean,9.85289834613429,Maiores Distancias,0.3990165382448759,-0.0007494991701450709,0.08573317527770996
wine_quality,euclidean,10.047014159388839,Maiores Distancias,0.26282504440766913,0.005695276360082096,0.07604789733886719
wine_quality,euclidean,9.839613777837368,Maiores Distancias,0.2569452952211092,-0.000395635801022898,0.08592987060546875
wine_quality,euclidean,10.45584622939314,Maiores Distancias,0.2905914469772351,-0.0015120648659098551,0.11817336082458496
wine_quality,euclidean,9.450544886725591,Maiores Distancias,0.4162550215722218,-0.000840585751006134,0.09666299819946289
wine_quality,euclidean,9.099259863551726,Maiores Distancias,0.23235035796403258,0.0028093812980489693,0.11537456512451172
wine_quality,euclidean,9.693649362322876,Maiores Distancias,0.30425635954645525,-0.0010616152928154994,0.08033609390258789
wine_quality,euclidean,10.39103569070923,Maiores Distancias,0.22733640708913622,0.0019330241147490898,0.06999015808105469
wine_quality,euclidean,8.451048640725087,Maiores Distancias,0.26363833723046926,0.005365715674159496,0.13186860084533691
wine_quality,euclidean,10.19437057456885,Maiores Distancias,0.3078790953849746,0.001920913322504585,0.07808685302734375
wine_quality,euclidean,9.08359721535631,Maiores Distancias,0.3106650120582327,-0.0008674469662548731,0.07376766204833984
wine_quality,euclidean,8.812736538678493,Maiores Distancias,0.3706473772019683,-0.0002511927254360136,0.08357977867126465
wine_quality,euclidean,9.503011978141933,Maiores Distancias,0.25529564777528485,0.005166850005239896,0.0978691577911377
wine_quality,euclidean,10.090635554829213,Maiores Distancias,0.17396264341328693,0.005399343891764658,0.08402872085571289
wine_quality,euclidean,9.283127322748186,Maiores Distancias,0.3436063519296254,-0.0013849332247648516,0.10005450248718262
wine_quality,euclidean,9.90547895343998,Maiores Distancias,0.36562141504718376,-0.0010963967650960645,0.0790407657623291
wine_quality,euclidean,10.65342337315557,Maiores Distancias,0.30758634997372897,-0.0015699916220583486,0.1003565788269043
wine_quality,euclidean,10.145967376276134,Maiores Distancias,0.31163131764241825,0.0014804954768573653,0.0803220272064209
wine_quality,euclidean,9.682030365120958,Maiores Distancias,0.36423453929318517,-0.0003697901702403734,0.12390470504760742
wine_quality,euclidean,9.448461646886658,Maiores Distancias,0.34210828537848775,-0.0003763647725770171,0.06643962860107422
wine_quality,euclidean,10.429841901599275,Maiores Distancias,0.3644843768482208,-0.0008503025373587101,0.0637657642364502
wine_quality,euclidean,9.85289834613429,Maiores Distancias,0.16991676739104322,-0.006538785276664573,0.08400106430053711
wine_quality,euclidean,9.42406203073609,Maiores Distancias,0.12865988990170513,-0.00017193190277089643,0.0837106704711914
wine_quality,euclidean,8.812736538678493,Maiores Distancias,0.4804166106202517,0.0004429653520736022,0.08326482772827148
wine_quality,euclidean,10.033110106930005,Maiores Distancias,0.14042260001579981,-0.0020036198986462953,0.06706118583679199
wine_quality,euclidean,9.85289834613429,Maiores Distancias,0.39136862292163377,-0.0007492224343507459,0.0667879581451416
wine_quality,euclidean,9.460317487167277,Maiores Distancias,0.39919410799101673,-0.0006979829811764401,0.08016300201416016
wine_quality,euclidean,9.935600541086023,Maiores Distancias,0.19284413272946854,0.0005030852568404334,0.06892538070678711
wine_quality,euclidean,9.755988317801245,Maiores Distancias,0.3059293985429145,-0.0004975367046256855,0.06653285026550293
wine_quality,euclidean,9.518956283430803,Maiores Distancias,0.23418625897625453,0.0028199627170251347,0.08561182022094727
blood_transfusion_service_center,manhattan,11.869844363837624,Maiores Distancias,0.7131242206837757,0.03085448049562669,0.0
blood_transfusion_service_center,manhattan,10.30580514952042,Maiores Distancias,0.7208373371248271,0.03282894219231977,0.0
blood_transfusion_service_center,manhattan,12.95411811275148,Maiores Distancias,0.15848984839833835,-0.050828044486303514,0.0
blood_transfusion_service_center,manhattan,10.182654534751313,Maiores Distancias,0.7208373371248271,0.03282894219231977,0.0
blood_transfusion_service_center,manhattan,11.526190701442122,Maiores Distancias,0.7131242206837757,0.03085448049562669,0.0
blood_transfusion_service_center,manhattan,11.526190701442122,Maiores Distancias,0.7131242206837757,0.03085448049562669,0.0
blood_transfusion_service_center,manhattan,12.6658485833476,Maiores Distancias,0.1577503872124716,-0.06366754020589334,0.0
blood_transfusion_service_center,manhattan,10.800933624748343,Maiores Distancias,0.7498179256471648,0.031083966401093843,0.015716075897216797
blood_transfusion_service_center,manhattan,9.896788719398854,Maiores Distancias,0.7296885538197241,0.034825197730733545,0.0
blood_transfusion_service_center,manhattan,10.680421905409666,Maiores Distancias,0.7498179256471648,0.031083966401093843,0.0
blood_transfusion_service_center,manhattan,11.143087842629836,Maiores Distancias,0.7046530542551238,0.02890165684296282,0.0
blood_transfusion_service_center,manhattan,10.061907634033627,Maiores Distancias,0.7208373371248271,0.03282894219231977,0.0
blood_transfusion_service_center,manhattan,9.896788719398854,Maiores Distancias,0.7296885538197241,0.034825197730733545,0.0
blood_transfusion_service_center,manhattan,13.136325240282726,Maiores Distancias,0.14892506157681457,-0.04864665667404259,0.0
blood_transfusion_service_center,manhattan,11.143087842629836,Maiores Distancias,0.7046530542551238,0.02890165684296282,0.0
blood_transfusion_service_center,manhattan,11.073951131141008,Maiores Distancias,0.7397908337881028,0.036843404800420164,0.0
blood_transfusion_service_center,manhattan,11.641780220933422,Maiores Distancias,0.7498179256471648,0.031083966401093843,0.0
blood_transfusion_service_center,manhattan,11.143087842629836,Maiores Distancias,0.7046530542551238,0.02890165684296282,0.0
blood_transfusion_service_center,manhattan,12.119130656998642,Maiores Distancias,0.7498179256471648,0.031083966401093843,0.016867399215698242
blood_transfusion_service_center,manhattan,10.254324175094233,Maiores Distancias,0.7498179256471648,0.031083966401093843,0.0
blood_transfusion_service_center,manhattan,11.037491400931122,Maiores Distancias,0.7498179256471648,0.031083966401093843,0.0
blood_transfusion_service_center,manhattan,10.36210737745467,Maiores Distancias,0.7296885538197241,0.034825197730733545,0.0
blood_transfusion_service_center,manhattan,10.709082848844226,Maiores Distancias,0.7131242206837757,0.03085448049562669,0.014605283737182617
blood_transfusion_service_center,manhattan,11.967312186092364,Maiores Distancias,0.7498179256471648,0.031083966401093843,0.0
blood_transfusion_service_center,manhattan,11.855510435769038,Maiores Distancias,0.7057854020261741,0.02890165684296282,0.0
blood_transfusion_service_center,manhattan,11.457162466648146,Maiores Distancias,0.7296885538197241,0.034825197730733545,0.0
blood_transfusion_service_center,manhattan,10.747607037615776,Maiores Distancias,0.7131242206837757,0.03085448049562669,0.0026116371154785156
blood_transfusion_service_center,manhattan,10.443289692358112,Maiores Distancias,0.7208373371248271,0.03282894219231977,0.0
blood_transfusion_service_center,manhattan,10.747607037615776,Maiores Distancias,0.7131242206837757,0.03085448049562669,0.0
blood_transfusion_service_center,manhattan,14.394554577530865,Maiores Distancias,0.7498179256471648,0.031083966401093843,0.0
blood_transfusion_service_center,euclidean,8.787825861057811,Maiores Distancias,0.7506312142933567,0.031083966401093843,0.0
blood_transfusion_service_center,euclidean,7.793146360641172,Maiores Distancias,0.7396955543725015,0.036843404800420164,0.0
blood_transfusion_service_center,euclidean,8.968999774229431,Maiores Distancias,0.7506312142933567,0.031083966401093843,0.0
blood_transfusion_service_center,euclidean,7.589067882190943,Maiores Distancias,0.5590203870709837,-0.012397627115054034,0.0
blood_transfusion_service_center,euclidean,6.858362813130663,Maiores Distancias,0.7396955543725015,0.036843404800420164,0.0016086101531982422
blood_transfusion_service_center,euclidean,9.323455511367813,Maiores Distancias,0.7506312142933567,0.031083966401093843,0.0
blood_transfusion_service_center,euclidean,9.0835174064544,Maiores Distancias,0.7506312142933567,0.031083966401093843,0.0
blood_transfusion_service_center,euclidean,8.98735138297816,Maiores Distancias,0.7396955543725015,0.036843404800420164,0.0
blood_transfusion_service_center,euclidean,9.24150902484453,Maiores Distancias,0.7506312142933567,0.031083966401093843,0.0
blood_transfusion_service_center,euclidean,8.078469241811217,Maiores Distancias,0.7396955543725015,0.036843404800420164,0.015621423721313477
blood_transfusion_service_center,euclidean,6.609299090229302,Maiores Distancias,0.7396955543725015,0.036843404800420164,0.0
blood_transfusion_service_center,euclidean,9.108628247574936,Maiores Distancias,0.7506312142933567,0.031083966401093843,0.0
blood_transfusion_service_center,euclidean,8.98735138297816,Maiores Distancias,0.7396955543725015,0.036843404800420164,0.0
blood_transfusion_service_center,euclidean,9.24150902484453,Maiores Distancias,0.7506312142933567,0.031083966401093843,0.0
blood_transfusion_service_center,euclidean,9.146283252563276,Maiores Distancias,0.7396955543725015,0.036843404800420164,0.0
blood_transfusion_service_center,euclidean,9.155270951592007,Maiores Distancias,0.5781045122543575,-0.01068979801500745,0.0
blood_transfusion_service_center,euclidean,9.24150902484453,Maiores Distancias,0.7506312142933567,0.031083966401093843,0.0
blood_transfusion_service_center,euclidean,6.571269851612453,Maiores Distancias,0.7396955543725015,0.036843404800420164,0.0
blood_transfusion_service_center,euclidean,8.569710734712942,Maiores Distancias,0.22936451471814992,-0.046852550794790566,0.0
blood_transfusion_service_center,euclidean,9.071924500443082,Maiores Distancias,0.7506312142933567,0.031083966401093843,0.0
blood_transfusion_service_center,euclidean,7.449432574976695,Maiores Distancias,0.7396955543725015,0.036843404800420164,0.0
blood_transfusion_service_center,euclidean,8.041196002380374,Maiores Distancias,0.7506312142933567,0.031083966401093843,0.0
blood_transfusion_service_center,euclidean,8.099739558955108,Maiores Distancias,0.7506312142933567,0.031083966401093843,0.0
blood_transfusion_service_center,euclidean,9.271198173410438,Maiores Distancias,0.7396955543725015,0.036843404800420164,0.0
blood_transfusion_service_center,euclidean,7.814863052177741,Maiores Distancias,0.7396955543725015,0.036843404800420164,0.0
blood_transfusion_service_center,euclidean,9.1205606548792,Maiores Distancias,0.7396955543725015,0.036843404800420164,0.0022978782653808594
blood_transfusion_service_center,euclidean,8.205606204786628,Maiores Distancias,0.7396955543725015,0.036843404800420164,0.0
blood_transfusion_service_center,euclidean,9.123571422163439,Maiores Distancias,0.7506312142933567,0.031083966401093843,0.0
blood_transfusion_service_center,euclidean,8.26942031104397,Maiores Distancias,0.5590203870709837,-0.012397627115054034,0.0
blood_transfusion_service_center,euclidean,8.160062171864613,Maiores Distancias,0.7506312142933567,0.031083966401093843,0.0
mammographic_mass,manhattan,11.055577447018077,Maiores Distancias,0.8658553386638543,0.0003320449777925208,0.0
mammographic_mass,manhattan,11.849402390613204,Maiores Distancias,0.8658553386638543,0.0003320449777925208,0.0
mammographic_mass,manhattan,10.892468083960592,Maiores Distancias,0.8658553386638543,0.0003320449777925208,0.0
mammographic_mass,manhattan,11.71628307470801,Maiores Distancias,0.8658553386638543,0.0003320449777925208,0.0
mammographic_mass,manhattan,11.510524669978867,Maiores Distancias,0.8658553386638543,0.0003320449777925208,0.0
mammographic_mass,manhattan,12.025451987244235,Maiores Distancias,0.8658553386638543,0.0003320449777925208,0.01570916175842285
mammographic_mass,manhattan,11.841896346881057,Maiores Distancias,0.8658553386638543,0.0003320449777925208,0.0
mammographic_mass,manhattan,11.44668210694697,Maiores Distancias,0.8658553386638543,0.0003320449777925208,0.0
mammographic_mass,manhattan,13.266718110068005,Maiores Distancias,0.8658553386638543,0.0003320449777925208,0.0
mammographic_mass,manhattan,13.197441357194709,Maiores Distancias,0.8658553386638543,0.0003320449777925208,0.0
mammographic_mass,manhattan,13.027107189459254,Maiores Distancias,0.8658553386638543,0.0003320449777925208,0.0
mammographic_mass,manhattan,11.597255638709846,Maiores Distancias,0.8658553386638543,0.0003320449777925208,0.0
mammographic_mass,manhattan,10.373303104081394,Maiores Distancias,0.8658553386638543,0.0003320449777925208,0.0
mammographic_mass,manhattan,12.635721290476184,Maiores Distancias,0.8658553386638543,0.0003320449777925208,0.0
mammographic_mass,manhattan,10.373303104081394,Maiores Distancias,0.8658553386638543,0.0003320449777925208,0.0
mammographic_mass,manhattan,11.377405354073673,Maiores Distancias,0.8658553386638543,0.0003320449777925208,0.0
mammographic_mass,manhattan,10.767723584021379,Maiores Distancias,0.8658553386638543,0.0003320449777925208,0.015713214874267578
mammographic_mass,manhattan,11.414901444958108,Maiores Distancias,0.8658553386638543,0.0003320449777925208,0.0
mammographic_mass,manhattan,12.19578615497969,Maiores Distancias,0.8658553386638543,0.0003320449777925208,0.0
mammographic_mass,manhattan,13.12816460432141,Maiores Distancias,0.8658553386638543,0.0003320449777925208,0.002894878387451172
mammographic_mass,manhattan,11.100298342580484,Maiores Distancias,0.8658553386638543,0.0003320449777925208,0.0
mammographic_mass,manhattan,13.58132121244563,Maiores Distancias,0.8658553386638543,0.0003320449777925208,0.0
mammographic_mass,manhattan,10.49891637625444,Maiores Distancias,0.8658553386638543,0.0003320449777925208,0.0
mammographic_mass,manhattan,13.474548368687897,Maiores Distancias,0.8658553386638543,0.0003320449777925208,0.0
mammographic_mass,manhattan,10.160413849506615,Maiores Distancias,0.8658553386638543,0.0003320449777925208,0.0
mammographic_mass,manhattan,12.40361641359958,Maiores Distancias,0.8658553386638543,0.0003320449777925208,0.0
mammographic_mass,manhattan,12.472893166472877,Maiores Distancias,0.8658553386638543,0.0003320449777925208,0.0
mammographic_mass,manhattan,11.433741873373421,Maiores Distancias,0.8658553386638543,0.0003320449777925208,0.0
mammographic_mass,manhattan,10.823191331087296,Maiores Distancias,0.8658553386638543,0.0003320449777925208,0.0
mammographic_mass,manhattan,11.25087187434336,Maiores Distancias,0.8658553386638543,0.0003320449777925208,0.0
mammographic_mass,euclidean,6.277724851911631,Maiores Distancias,0.9081562441083264,0.0003320449777925208,0.0
mammographic_mass,euclidean,6.576524326645165,Maiores Distancias,0.9081562441083264,0.0003320449777925208,0.0
mammographic_mass,euclidean,6.552491341894423,Maiores Distancias,0.9081562441083264,0.0003320449777925208,0.0009989738464355469
mammographic_mass,euclidean,6.767502034461334,Maiores Distancias,0.9081562441083264,0.0003320449777925208,0.0
mammographic_mass,euclidean,6.164397452234842,Maiores Distancias,0.9081562441083264,0.0003320449777925208,0.0
mammographic_mass,euclidean,6.187841492015238,Maiores Distancias,0.9081562441083264,0.0003320449777925208,0.0
mammographic_mass,euclidean,6.3122082192218025,Maiores Distancias,0.9081562441083264,0.0003320449777925208,0.0
mammographic_mass,euclidean,6.186179332248792,Maiores Distancias,0.9081562441083264,0.0003320449777925208,0.0
mammographic_mass,euclidean,6.418918677011704,Maiores Distancias,0.9081562441083264,0.0003320449777925208,0.0013155937194824219
mammographic_mass,euclidean,6.576875529401413,Maiores Distancias,0.9081562441083264,0.0003320449777925208,0.0
mammographic_mass,euclidean,6.452760495072108,Maiores Distancias,0.9081562441083264,0.0003320449777925208,0.0
mammographic_mass,euclidean,6.323285616562368,Maiores Distancias,0.9081562441083264,0.0003320449777925208,0.0
mammographic_mass,euclidean,7.008921232906325,Maiores Distancias,0.9081562441083264,0.0003320449777925208,0.0
mammographic_mass,euclidean,6.164397452234842,Maiores Distancias,0.9081562441083264,0.0003320449777925208,0.0
mammographic_mass,euclidean,6.541402177212737,Maiores Distancias,0.9081562441083264,0.0003320449777925208,0.0010085105895996094
mammographic_mass,euclidean,6.350426576959764,Maiores Distancias,0.9081562441083264,0.0003320449777925208,0.0
mammographic_mass,euclidean,6.873152520249034,Maiores Distancias,0.9081562441083264,0.0003320449777925208,0.0
mammographic_mass,euclidean,7.150771008224079,Maiores Distancias,0.9081562441083264,0.0003320449777925208,0.0
mammographic_mass,euclidean,6.0810175174826595,Maiores Distancias,0.9081562441083264,0.0003320449777925208,0.0
mammographic_mass,euclidean,6.820110139392472,Maiores Distancias,0.9081562441083264,0.0003320449777925208,0.0
mammographic_mass,euclidean,6.576875529401413,Maiores Distancias,0.9081562441083264,0.0003320449777925208,0.0009963512420654297
mammographic_mass,euclidean,6.548105871960726,Maiores Distancias,0.9081562441083264,0.0003320449777925208,0.0009982585906982422
mammographic_mass,euclidean,6.130458330081251,Maiores Distancias,0.9081562441083264,0.0003320449777925208,0.0
mammographic_mass,euclidean,5.996044984666435,Maiores Distancias,0.9081562441083264,0.0003320449777925208,0.0
mammographic_mass,euclidean,6.986039535191515,Maiores Distancias,0.9081562441083264,0.0003320449777925208,0.0
mammographic_mass,euclidean,6.347780937456509,Maiores Distancias,0.9081562441083264,0.0003320449777925208,0.0
mammographic_mass,euclidean,6.050948275339594,Maiores Distancias,0.9081562441083264,0.0003320449777925208,0.0009922981262207031
mammographic_mass,euclidean,6.246508716121581,Maiores Distancias,0.9081562441083264,0.0003320449777925208,0.0010063648223876953
mammographic_mass,euclidean,6.4178148931233165,Maiores Distancias,0.9081562441083264,0.0003320449777925208,0.0
mammographic_mass,euclidean,6.446031584548678,Maiores Distancias,0.9081562441083264,0.0003320449777925208,0.0
breast_cancer_wisconsin_original,manhattan,15.860106200597823,Maiores Distancias,0.5864265074125744,0.3862093447883278,0.0005481243133544922
breast_cancer_wisconsin_original,manhattan,15.407972577330456,Maiores Distancias,0.5700208504437931,0.3067949866265858,0.0
breast_cancer_wisconsin_original,manhattan,15.407972577330456,Maiores Distancias,0.5700208504437931,0.3067949866265858,0.0
breast_cancer_wisconsin_original,manhattan,15.426342388516595,Maiores Distancias,0.5754915128915147,0.33047532791870443,0.0
breast_cancer_wisconsin_original,manhattan,15.555279782025423,Maiores Distancias,0.5770451108437666,0.33828128052677575,0.0
breast_cancer_wisconsin_original,manhattan,15.819273641350343,Maiores Distancias,0.5842366704453812,0.37405156156114544,0.0
breast_cancer_wisconsin_original,manhattan,13.726659424972652,Maiores Distancias,0.5562280182006248,0.2546131316857628,0.0
breast_cancer_wisconsin_original,manhattan,15.860106200597823,Maiores Distancias,0.5862818182707826,0.38214371351404003,0.0
breast_cancer_wisconsin_original,manhattan,15.621046815685842,Maiores Distancias,0.5796625394821013,0.3540491038824418,0.0
breast_cancer_wisconsin_original,manhattan,15.407972577330456,Maiores Distancias,0.5724745626686601,0.3183067071080019,0.01611042022705078
breast_cancer_wisconsin_original,manhattan,15.407972577330456,Maiores Distancias,0.5700208504437931,0.3067949866265858,0.00099945068359375
breast_cancer_wisconsin_original,manhattan,17.164374679832342,Maiores Distancias,0.6156696361161584,0.7345373992421274,0.0009951591491699219
breast_cancer_wisconsin_original,manhattan,14.674565354336035,Maiores Distancias,0.5600892634338867,0.26926366481644604,0.0
breast_cancer_wisconsin_original,manhattan,15.487232127986738,Maiores Distancias,0.5763981721907989,0.3343718107344373,0.0
breast_cancer_wisconsin_original,manhattan,13.701078604587812,Maiores Distancias,0.5348710128135438,0.13206303905456993,0.0
breast_cancer_wisconsin_original,manhattan,14.198274525830673,Maiores Distancias,0.5485348283043694,0.2153899943455677,0.0
breast_cancer_wisconsin_original,manhattan,15.407972577330456,Maiores Distancias,0.5741143585498426,0.32272130930597664,0.0010089874267578125
breast_cancer_wisconsin_original,manhattan,14.361081017475914,Maiores Distancias,0.5756681386663592,0.3580235654343491,0.0
breast_cancer_wisconsin_original,manhattan,15.407972577330456,Maiores Distancias,0.5700208504437931,0.3067949866265858,0.0
breast_cancer_wisconsin_original,manhattan,15.481346402810015,Maiores Distancias,0.5754915128915147,0.33047532791870443,0.0
breast_cancer_wisconsin_original,manhattan,15.860106200597823,Maiores Distancias,0.5862818182707826,0.38214371351404003,0.0
breast_cancer_wisconsin_original,manhattan,15.439069701220589,Maiores Distancias,0.6255793021824709,0.7553566454909986,0.0
breast_cancer_wisconsin_original,manhattan,14.807381557306165,Maiores Distancias,0.632331092572605,0.6842102847699597,0.0
breast_cancer_wisconsin_original,manhattan,16.29116198646519,Maiores Distancias,0.6058231679167481,0.47931396240108687,0.0
breast_cancer_wisconsin_original,manhattan,15.407972577330456,Maiores Distancias,0.5708034564149046,0.31061927809786144,0.0
breast_cancer_wisconsin_original,manhattan,15.860106200597823,Maiores Distancias,0.5905436322304093,0.3984845210840929,0.0
breast_cancer_wisconsin_original,manhattan,15.608933769830308,Maiores Distancias,0.5810241274973827,0.3580235654343491,0.0
breast_cancer_wisconsin_original,manhattan,15.487232127986738,Maiores Distancias,0.5763981721907989,0.3343718107344373,0.0
breast_cancer_wisconsin_original,manhattan,15.481346402810015,Maiores Distancias,0.5754915128915147,0.33047532791870443,0.0
breast_cancer_wisconsin_original,manhattan,15.612268979306156,Maiores Distancias,0.5796625394821013,0.3540491038824418,0.0011241436004638672
breast_cancer_wisconsin_original,euclidean,6.434349254709506,Maiores Distancias,0.49972258293201843,0.2294721085444256,0.0
breast_cancer_wisconsin_original,euclidean,6.342421341173168,Maiores Distancias,0.5067277203512356,0.11018243000484705,0.0
breast_cancer_wisconsin_original,euclidean,6.088973783972172,Maiores Distancias,0.5036298205003016,0.10710860283866251,0.0
breast_cancer_wisconsin_original,euclidean,6.656643093717151,Maiores Distancias,0.5103331067411739,0.2878676552484845,0.0
breast_cancer_wisconsin_original,euclidean,6.656643093717151,Maiores Distancias,0.508153979408032,0.28038727187850015,0.0009944438934326172
breast_cancer_wisconsin_original,euclidean,6.656643093717151,Maiores Distancias,0.5079506807926467,0.27666647550275764,0.0
breast_cancer_wisconsin_original,euclidean,6.656643093717151,Maiores Distancias,0.5103331067411739,0.2878676552484845,0.0
breast_cancer_wisconsin_original,euclidean,6.575122307738546,Maiores Distancias,0.04992114752486401,0.02299793743531909,0.0
breast_cancer_wisconsin_original,euclidean,7.035760027891893,Maiores Distancias,0.5257540127280527,0.4021585717043973,0.0
breast_cancer_wisconsin_original,euclidean,6.342421341173168,Maiores Distancias,0.5000097176648866,0.14163511067422957,0.0
breast_cancer_wisconsin_original,euclidean,6.0334951920447955,Maiores Distancias,0.5681063728582405,0.8444001082582876,0.0009903907775878906
breast_cancer_wisconsin_original,euclidean,6.4866805639146845,Maiores Distancias,0.506868140003892,0.09494342166725214,0.0010025501251220703
breast_cancer_wisconsin_original,euclidean,6.745135769065,Maiores Distancias,0.4941449386749752,0.19465438561854356,0.0017116069793701172
breast_cancer_wisconsin_original,euclidean,6.617314681822241,Maiores Distancias,0.5082128324993992,0.26926366481644604,0.0
breast_cancer_wisconsin_original,euclidean,6.656643093717151,Maiores Distancias,0.5071112916983359,0.2729586070106838,0.0007693767547607422
breast_cancer_wisconsin_original,euclidean,6.7757882546527775,Maiores Distancias,0.541147658120643,0.6891561952950581,0.0
breast_cancer_wisconsin_original,euclidean,7.2068960865451706,Maiores Distancias,0.5437508913980796,0.8289842405765371,0.0008265972137451172
breast_cancer_wisconsin_original,euclidean,6.617314681822241,Maiores Distancias,0.5025301058575598,0.2437608989254003,0.0
breast_cancer_wisconsin_original,euclidean,6.95780839263034,Maiores Distancias,0.4844317035169859,0.13206303905456993,0.015106678009033203
breast_cancer_wisconsin_original,euclidean,6.745135769065,Maiores Distancias,0.4975520153885455,0.2153899943455677,0.0
breast_cancer_wisconsin_original,euclidean,6.45976292976651,Maiores Distancias,0.5584916245540331,0.6069327984249683,0.0
breast_cancer_wisconsin_original,euclidean,6.342421341173168,Maiores Distancias,0.49988042710297875,0.1352407623132128,0.0
breast_cancer_wisconsin_original,euclidean,6.617314681822241,Maiores Distancias,0.5044557681588203,0.2509828015812903,0.01613616943359375
breast_cancer_wisconsin_original,euclidean,6.256765777172059,Maiores Distancias,0.5079419202915694,0.08595631911881009,0.0009968280792236328
breast_cancer_wisconsin_original,euclidean,6.885404676819904,Maiores Distancias,0.5124291116959792,0.3067949866265858,0.0009992122650146484
breast_cancer_wisconsin_original,euclidean,6.596019376184381,Maiores Distancias,0.5003543475129375,0.2153899943455677,0.0
breast_cancer_wisconsin_original,euclidean,6.621002560024687,Maiores Distancias,0.5578156057431898,0.8234176799631227,0.0
breast_cancer_wisconsin_original,euclidean,6.656643093717151,Maiores Distancias,0.508153979408032,0.28038727187850015,0.0
breast_cancer_wisconsin_original,euclidean,6.617314681822241,Maiores Distancias,0.5028558919728844,0.2294721085444256,0.0
breast_cancer_wisconsin_original,euclidean,6.451522468577575,Maiores Distancias,0.4999156823555759,0.20496404850618696,0.0
maternal_health_risk,manhattan,10.929637000681161,Maiores Distancias,0.3144777432573006,0.11849825538280097,0.0
maternal_health_risk,manhattan,11.440240413443512,Maiores Distancias,0.34884808119628913,0.18376976644200463,0.016422271728515625
maternal_health_risk,manhattan,8.869511579759992,Maiores Distancias,0.31305628139421315,0.007604918615279021,0.0
maternal_health_risk,manhattan,10.321339069791868,Maiores Distancias,0.26781379656380827,0.050223674995087404,0.002119302749633789
maternal_health_risk,manhattan,9.395329969622356,Maiores Distancias,0.3124108096932332,0.012304373653638017,0.0019960403442382812
maternal_health_risk,manhattan,9.219277879227967,Maiores Distancias,0.11304496421337402,0.012233150091713128,0.0
maternal_health_risk,manhattan,9.361272207546598,Maiores Distancias,0.3065709316224083,-0.0025114418191780957,0.0
maternal_health_risk,manhattan,9.835627016615232,Maiores Distancias,0.12687493393891278,0.14010299080917063,0.0
maternal_health_risk,manhattan,9.543583189900264,Maiores Distancias,0.25272137067969985,0.0206115680457208,0.0
maternal_health_risk,manhattan,11.111902157911285,Maiores Distancias,0.3175380930490371,0.11653465157377339,0.0
maternal_health_risk,manhattan,9.157007714997299,Maiores Distancias,0.30643841516206227,-0.00161105435195267,0.0
maternal_health_risk,manhattan,9.734925758098736,Maiores Distancias,0.30177732869817453,0.02140095153088916,0.015506505966186523
maternal_health_risk,manhattan,9.710403955116579,Maiores Distancias,0.3171899396017273,-0.0024591018975810073,0.0
maternal_health_risk,manhattan,8.491366306215296,Maiores Distancias,0.3055006094496653,-0.0021183762560087957,0.002039194107055664
maternal_health_risk,manhattan,10.823458199938619,Maiores Distancias,0.017107638696761452,0.0563294075680596,0.001995086669921875
maternal_health_risk,manhattan,9.058368197745592,Maiores Distancias,0.3485004637179513,0.1914571568004216,0.0005586147308349609
maternal_health_risk,manhattan,9.341598895971261,Maiores Distancias,0.3440437664921562,0.17200898083920516,0.0
maternal_health_risk,manhattan,9.085380644241413,Maiores Distancias,0.2936560257524998,0.13518423822671938,0.0
maternal_health_risk,manhattan,10.19995190684496,Maiores Distancias,0.3192958767068003,-0.0026881204655367676,0.0
maternal_health_risk,manhattan,9.523864053201384,Maiores Distancias,0.3471562814193415,0.17549724760500854,0.0
maternal_health_risk,manhattan,11.069239691805262,Maiores Distancias,0.35317512703249704,0.19012816023138315,0.001680612564086914
maternal_health_risk,manhattan,8.697986452978597,Maiores Distancias,0.30601448191987213,0.004601310207002768,0.0
maternal_health_risk,manhattan,10.220881693503662,Maiores Distancias,0.3746494871525363,0.10823144168961694,0.0
maternal_health_risk,manhattan,10.290889820103095,Maiores Distancias,0.048985957470885494,0.16088286929488524,0.0
maternal_health_risk,manhattan,9.734925758098736,Maiores Distancias,0.30177732869817453,0.02140095153088916,0.0019958019256591797
maternal_health_risk,manhattan,9.11565668890009,Maiores Distancias,0.28154642113112405,-0.00035403343511174694,0.0020682811737060547
maternal_health_risk,manhattan,9.485138228125319,Maiores Distancias,0.1426124739007019,0.0692355895137478,0.0
maternal_health_risk,manhattan,8.869511579759992,Maiores Distancias,0.31305628139421315,0.007604918615279021,0.0
maternal_health_risk,manhattan,9.23125788336944,Maiores Distancias,0.3494518550126758,0.1786092827190109,0.0
maternal_health_risk,manhattan,9.11565668890009,Maiores Distancias,0.28154642113112405,-0.00035403343511174694,0.0
maternal_health_risk,euclidean,5.2284903905448035,Maiores Distancias,0.2623682735063979,0.12485550278175411,0.0
maternal_health_risk,euclidean,4.4686372293837255,Maiores Distancias,0.265295081888237,0.0007659199904311341,0.016621112823486328
maternal_health_risk,euclidean,5.510402639927403,Maiores Distancias,0.319883083150273,0.1660968311687869,0.0014429092407226562
maternal_health_risk,euclidean,4.839242261936916,Maiores Distancias,0.35402753146626953,0.08939223717153708,0.001996755599975586
maternal_health_risk,euclidean,5.7165884829963405,Maiores Distancias,0.3180335897966101,0.1187441728384328,0.0
maternal_health_risk,euclidean,4.9459852111041505,Maiores Distancias,0.23656793609684715,0.002152504264120275,0.0
maternal_health_risk,euclidean,5.5274098998437715,Maiores Distancias,0.24175792651901995,-0.0010395565161501557,0.0
maternal_health_risk,euclidean,5.453787577151479,Maiores Distancias,0.3215232309113985,0.1596304434091639,0.0
maternal_health_risk,euclidean,5.71801799895339,Maiores Distancias,0.3130298401646337,0.19407603729655346,0.001996755599975586
maternal_health_risk,euclidean,5.456666287639479,Maiores Distancias,0.2074701622150176,-0.0003289357249551101,0.0
maternal_health_risk,euclidean,5.70856566571687,Maiores Distancias,0.2521903051175667,0.1477418742848515,0.0
maternal_health_risk,euclidean,5.622668889061266,Maiores Distancias,0.24175792651901995,-0.0010395565161501557,0.0
maternal_health_risk,euclidean,4.9032617306869755,Maiores Distancias,0.23656793609684715,0.002152504264120275,0.016298294067382812
maternal_health_risk,euclidean,5.433953246447089,Maiores Distancias,0.26047056202849117,0.13801925279427582,0.0010786056518554688
maternal_health_risk,euclidean,5.905597907945312,Maiores Distancias,0.20499007019296786,0.0022578158066187534,0.0
maternal_health_risk,euclidean,5.960327715450063,Maiores Distancias,0.2988259906064279,0.20503200940059096,0.0
maternal_health_risk,euclidean,4.714203959744623,Maiores Distancias,0.2607697265745959,-0.0007852651831261948,0.0
maternal_health_risk,euclidean,4.830080862854843,Maiores Distancias,0.2692906627542381,-0.0025087599953564975,0.0
maternal_health_risk,euclidean,5.532978889044096,Maiores Distancias,0.32089663473575436,0.14055154087908242,0.01740431785583496
maternal_health_risk,euclidean,5.052887229104359,Maiores Distancias,0.3094393690154533,0.17718004975829757,0.0
maternal_health_risk,euclidean,4.8579816535943,Maiores Distancias,0.35770294415433385,0.08267638209436738,0.0
maternal_health_risk,euclidean,4.459258391292962,Maiores Distancias,0.3343560955206782,0.11979897782309133,0.0
maternal_health_risk,euclidean,5.960327715450063,Maiores Distancias,0.31338859669625585,0.20998798485624,0.0
maternal_health_risk,euclidean,4.520090360303881,Maiores Distancias,0.2593275449584256,-0.00403687966262096,0.0
maternal_health_risk,euclidean,4.843698433509265,Maiores Distancias,0.2689769115318123,-0.0009978967924551344,0.0
maternal_health_risk,euclidean,5.944011235794843,Maiores Distancias,0.32000363557172,0.1708532489874633,0.0
maternal_health_risk,euclidean,5.052887229104359,Maiores Distancias,0.3094393690154533,0.17718004975829757,0.0
maternal_health_risk,euclidean,5.083551934500462,Maiores Distancias,0.3370120870622386,0.1112724608468648,0.0
maternal_health_risk,euclidean,5.433953246447089,Maiores Distancias,0.2595269066621592,0.1415012766018929,0.002000570297241211
maternal_health_risk,euclidean,4.63080048853268,Maiores Distancias,0.2279258554976411,-0.0001700598975284642,0.0018117427825927734
yeast,manhattan,11.243073285292018,Maiores Distancias,0.12028941329216539,0.10319194106799871,0.03342604637145996
yeast,manhattan,10.934302607522785,Maiores Distancias,0.12150689332079555,-0.018374502311795618,0.032774925231933594
yeast,manhattan,10.128404174498177,Maiores Distancias,0.2235625770258412,0.03629907796986777,0.03274202346801758
yeast,manhattan,10.398349289955807,Maiores Distancias,0.10598452180553868,0.08238119616081604,0.01928544044494629
yeast,manhattan,10.580115596261301,Maiores Distancias,0.2183945162024709,0.02642340442278084,0.01704096794128418
yeast,manhattan,10.432753432209257,Maiores Distancias,0.11228553768741364,0.03768707922824896,0.016561269760131836
yeast,manhattan,10.443872878172472,Maiores Distancias,0.1238554837049764,0.0648161540562361,0.02987051010131836
yeast,manhattan,9.721660647082599,Maiores Distancias,0.22023587874302636,0.0419269313817094,0.032596588134765625
yeast,manhattan,10.438709413968061,Maiores Distancias,0.20962736028845522,0.08983265962872869,0.030446529388427734
yeast,manhattan,9.725607827277964,Maiores Distancias,0.15895358582362348,0.07432046600207504,0.03295755386352539
yeast,manhattan,11.53551535048931,Maiores Distancias,0.1274411909055605,0.06662642594886377,0.03242301940917969
yeast,manhattan,10.36240591567987,Maiores Distancias,0.274015893729654,0.04181084230465672,0.016473770141601562
yeast,manhattan,10.646169187748832,Maiores Distancias,0.21107683034188526,0.017878674101979568,0.035527706146240234
yeast,manhattan,11.213517733860506,Maiores Distancias,0.24965181964227223,0.04449947572280066,0.033431053161621094
yeast,manhattan,10.934302607522785,Maiores Distancias,0.1920640871372662,0.04777741190525055,0.03307366371154785
yeast,manhattan,11.79477690108437,Maiores Distancias,0.14558751481127688,0.0522955978451179,0.014221906661987305
yeast,manhattan,11.370731795989178,Maiores Distancias,0.19130788168604018,0.012721545677220416,0.01677536964416504
yeast,manhattan,11.60008490918857,Maiores Distancias,0.1130429964448138,0.0843174935481391,0.03563213348388672
yeast,manhattan,10.073227877143559,Maiores Distancias,0.2346962616232967,0.026093931350786907,0.03274679183959961
yeast,manhattan,10.709036202482562,Maiores Distancias,0.16194040001321008,0.040079493344610154,0.03563666343688965
yeast,manhattan,11.652335648628885,Maiores Distancias,0.1597054338982496,0.010008963841405523,0.033940792083740234
yeast,manhattan,9.773277856643515,Maiores Distancias,0.11362980120637883,0.04589878174153226,0.015943527221679688
yeast,manhattan,10.139631263338277,Maiores Distancias,0.19273702399270737,0.08853355395941626,0.016637086868286133
yeast,manhattan,10.314013235014642,Maiores Distancias,0.1639313899852127,0.08385693277023858,0.01782393455505371
yeast,manhattan,10.733571172547302,Maiores Distancias,0.0774762183952002,0.04491180890410809,0.033487558364868164
yeast,manhattan,12.099595555623214,Maiores Distancias,0.18913463574571374,0.08743449751862149,0.03330516815185547
yeast,manhattan,11.363760818974082,Maiores Distancias,0.15944793702237559,0.06468456476912934,0.03339862823486328
yeast,manhattan,11.087799263158745,Maiores Distancias,0.1567327720428211,0.09963424748006128,0.03355050086975098
yeast,manhattan,10.86262861701054,Maiores Distancias,0.2547794431602037,0.03280698876389662,0.015700340270996094
yeast,manhattan,10.983202320022443,Maiores Distancias,0.10090822773046376,0.09437659708107662,0.016216278076171875
yeast,euclidean,5.885812941743302,Maiores Distancias,0.22349632879402412,0.039591710614735084,0.019988059997558594
yeast,euclidean,5.540162474761881,Maiores Distancias,0.1978280944726809,0.06610182338931346,0.025050878524780273
yeast,euclidean,5.517858469077889,Maiores Distancias,0.22152096805294916,0.012662496680363771,0.03699064254760742
yeast,euclidean,5.384078006306427,Maiores Distancias,0.22402779364981892,0.03152187568808406,0.031063318252563477
yeast,euclidean,6.323924295269224,Maiores Distancias,0.1492352107175635,0.07534111434488291,0.03042292594909668
yeast,euclidean,5.884585469353759,Maiores Distancias,0.28459685327409084,0.04030949790605329,0.027835607528686523
yeast,euclidean,5.885812941743302,Maiores Distancias,0.22001601231017953,0.03264201259743101,0.03571796417236328
yeast,euclidean,5.455614038792219,Maiores Distancias,0.10700890190330394,0.06158077105594877,0.02477860450744629
yeast,euclidean,6.281904454776989,Maiores Distancias,0.1579007864319171,0.09614021807968177,0.026484012603759766
yeast,euclidean,5.866329434499854,Maiores Distancias,0.19752289222424155,0.09522881381196963,0.033228397369384766
yeast,euclidean,5.605155918696497,Maiores Distancias,0.145916721133769,-0.0004904621570571241,0.027962684631347656
yeast,euclidean,5.354305888755465,Maiores Distancias,0.22454221950472403,0.03473391338835073,0.02781224250793457
yeast,euclidean,5.677037048248018,Maiores Distancias,0.10998543991901549,-0.011670747899561141,0.029704570770263672
yeast,euclidean,5.361006499543413,Maiores Distancias,0.22225679409381835,0.014220173924041044,0.0270688533782959
yeast,euclidean,6.297334214144792,Maiores Distancias,0.1415533564845703,0.08524584508230462,0.036548614501953125
yeast,euclidean,5.4134277478275195,Maiores Distancias,0.18957638629902895,0.005236744119092122,0.032030582427978516
yeast,euclidean,5.885812941743302,Maiores Distancias,0.2322964313610238,0.03526432166182597,0.027988433837890625
yeast,euclidean,5.899299727651783,Maiores Distancias,0.1904740521328851,0.08202680059921012,0.027689456939697266
yeast,euclidean,5.885812941743302,Maiores Distancias,0.22614365720245774,0.09555513813930551,0.0289156436920166
yeast,euclidean,5.811856432282975,Maiores Distancias,0.14261911801031085,0.07524771695598505,0.035424232482910156
yeast,euclidean,5.776698216112814,Maiores Distancias,0.12756420468820298,-0.013163414912642528,0.0254518985748291
yeast,euclidean,6.212893745664663,Maiores Distancias,0.1424786496120684,0.08841013430230862,0.03223776817321777
yeast,euclidean,5.412155893624123,Maiores Distancias,0.29440774815955667,0.032119168327312514,0.022600650787353516
yeast,euclidean,5.639106098789901,Maiores Distancias,0.300784579111084,0.03135048704687764,0.02014780044555664
yeast,euclidean,5.885812941743302,Maiores Distancias,0.22255571524292658,0.0779772335551516,0.02567148208618164
yeast,euclidean,5.362188957061275,Maiores Distancias,0.26278699918005816,0.02620336266806603,0.026226282119750977
yeast,euclidean,5.517858469077889,Maiores Distancias,0.23910189814510466,0.02866437552081786,0.027678251266479492
yeast,euclidean,5.522767943255028,Maiores Distancias,0.22222436649125699,0.012637666420920466,0.030130624771118164
yeast,euclidean,6.227885870611206,Maiores Distancias,0.19597998851226964,0.09198851310646762,0.01979351043701172
yeast,euclidean,6.0220731791557025,Maiores Distancias,0.12325340068394929,0.12887303839780953,0.027772188186645508
