,label,distance_type,algorithm,precision,radius_min,silhouette_mean,silhouette_max,rand_index_mean,rand_index_max,exec_time_mean
0,abstenteeism_at_work,euclidean,Busca Binaria 1,2,5.899270024678266,0.1160536936699971,0.15931047690904754,0.033434573913411626,0.06349299394299353,0.023048032966666673
1,abstenteeism_at_work,euclidean,Busca Binaria 1,20,5.737916852082506,0.13553862080940246,0.18123146831646733,0.03888449872707611,0.0546451251016877,0.3521124955666721
2,abstenteeism_at_work,euclidean,Busca Binaria 1,3,5.899270024678266,0.12229010496175435,0.17905155441718618,0.03514796770757494,0.049935988595408994,0.0659598080999956
3,abstenteeism_at_work,euclidean,Busca Binaria 1,4,5.899270024678266,0.1314132507773038,0.17781943463663857,0.036392568111481303,0.04834514982198839,0.043869009533331865
4,abstenteeism_at_work,euclidean,Busca Binaria 1,5,5.899270024678266,0.12974229652783933,0.18059889805384224,0.03508879215609437,0.05499086553463164,0.05735873249999486
5,abstenteeism_at_work,euclidean,Busca Binaria 1,6,5.7149178364070705,0.1349837107111274,0.1747247947819188,0.035643505946444345,0.05461372780954776,0.102947079033324
6,abstenteeism_at_work,euclidean,Busca Binaria 2,2,5.899270024678266,0.1705649415596004,0.1705649415596004,0.03920769181447104,0.03920769181447104,0.6626388180000049
7,abstenteeism_at_work,euclidean,Busca Binaria 2,20,5.738164395304061,0.13635931353437064,0.13635931353437064,0.044238125257179205,0.044238125257179205,1.0142486480000343
8,abstenteeism_at_work,euclidean,Busca Binaria 2,3,5.899270024678266,0.09706930207362567,0.09706930207362567,0.041214099027712746,0.041214099027712746,0.7030210920000286
9,abstenteeism_at_work,euclidean,Busca Binaria 2,4,5.899270024678266,0.10715067427591443,0.10715067427591443,0.020339343132328117,0.020339343132328117,0.7624210309999739
10,abstenteeism_at_work,euclidean,Busca Binaria 2,5,5.899270024678266,0.13373512542150837,0.13373512542150837,0.03736438266951632,0.03736438266951632,0.7489420429999996
11,abstenteeism_at_work,euclidean,Busca Binaria 2,6,5.899270024678266,0.11877162694742863,0.11877162694742863,0.03137505491282236,0.03137505491282236,0.7579928609999911
12,abstenteeism_at_work,manhattan,Busca Binaria 1,2,16.45567676029192,0.19197178438358745,0.28583062475508775,0.027338027795803407,0.04242114262760074,0.003464455866666564
13,abstenteeism_at_work,manhattan,Busca Binaria 1,20,17.138651625831375,0.23582102433580393,0.30167932381551155,0.028739170883302714,0.03850591410484476,0.02451597779999967
14,abstenteeism_at_work,manhattan,Busca Binaria 1,3,16.45567676029192,0.21741765085192385,0.30320616395072525,0.027375211249693727,0.04972066153317697,0.004290626933332457
15,abstenteeism_at_work,manhattan,Busca Binaria 1,4,17.826983156982912,0.22508577664463658,0.32992548013290707,0.025269434115252846,0.03476272996308338,0.006034694066664769
16,abstenteeism_at_work,manhattan,Busca Binaria 1,5,17.141329958637414,0.22958513315076817,0.3219447312608423,0.026905010020306194,0.041277343767809074,0.0071358765333343396
17,abstenteeism_at_work,manhattan,Busca Binaria 1,6,16.45567676029192,0.23657106989595686,0.30169810679570097,0.026992015589385597,0.0385885035824668,0.008054330699998976
18,abstenteeism_at_work,manhattan,Busca Binaria 2,2,21.940902347055893,0.1702357122837112,0.1702357122837112,0.03586754321167179,0.03586754321167179,0.07117495900001813
19,abstenteeism_at_work,manhattan,Busca Binaria 2,20,16.430818483935887,0.24427115844572994,0.24427115844572994,0.024788484366106037,0.024788484366106037,0.5660461159999954
20,abstenteeism_at_work,manhattan,Busca Binaria 2,3,19.198289553673906,0.2232650783964121,0.2232650783964121,0.024261951873647408,0.024261951873647408,0.07492114699999775
21,abstenteeism_at_work,manhattan,Busca Binaria 2,4,17.826983156982912,0.27857087894589944,0.27857087894589944,0.030798191369017014,0.030798191369017014,0.08567529399999785
22,abstenteeism_at_work,manhattan,Busca Binaria 2,5,16.45567676029192,0.25731496921793273,0.25731496921793273,0.02707169887312534,0.02707169887312534,0.1620542109999974
23,abstenteeism_at_work,manhattan,Busca Binaria 2,6,17.141329958637414,0.21829829106779433,0.21829829106779433,0.023647867394367764,0.023647867394367764,0.08260665799997469
24,blood_transfusion_service_center,euclidean,Busca Binaria 1,2,7.4363752719360905,0.6832688780214,0.7506312142933567,0.026687624808200174,0.06938542398672348,0.012965172033348911
25,blood_transfusion_service_center,euclidean,Busca Binaria 1,20,7.144076341569463,0.6822413799865923,0.7506312142933567,0.030953198260165626,0.06145644467186622,0.09399314523329849
26,blood_transfusion_service_center,euclidean,Busca Binaria 1,3,7.4363752719360905,0.686521637435384,0.7506312142933567,0.027612470131469356,0.06386679623586444,0.019040578166626194
27,blood_transfusion_service_center,euclidean,Busca Binaria 1,4,7.4363752719360905,0.7008182866520193,0.7506312142933567,0.03399795424758872,0.07762006600334467,0.02358384759998747
28,blood_transfusion_service_center,euclidean,Busca Binaria 1,5,6.971601817440085,0.6997192272956613,0.7506312142933567,0.031194554174551994,0.06638078023932663,0.030792264999998528
29,blood_transfusion_service_center,euclidean,Busca Binaria 1,6,6.971601817440085,0.688779199731284,0.7506312142933567,0.034676122714568616,0.06098628181412511,0.0345098853666741
30,blood_transfusion_service_center,euclidean,Busca Binaria 2,2,7.4363752719360905,0.7027123839444299,0.7027123839444299,0.02890165684296282,0.02890165684296282,0.32741620900014823
31,blood_transfusion_service_center,euclidean,Busca Binaria 2,20,6.531415911264661,0.6344416837527799,0.6344416837527799,0.061764470907996784,0.061764470907996784,0.6220143470000039
32,blood_transfusion_service_center,euclidean,Busca Binaria 2,3,7.4363752719360905,0.7192873506067905,0.7192873506067905,0.03282894219231977,0.03282894219231977,0.3302429719999509
33,blood_transfusion_service_center,euclidean,Busca Binaria 2,4,6.971601817440085,0.6951342725525772,0.6951342725525772,0.02697031730231978,0.02697031730231978,0.48365268899988223
34,blood_transfusion_service_center,euclidean,Busca Binaria 2,5,6.506828362944079,0.7287631882229266,0.7287631882229266,0.034825197730733545,0.034825197730733545,0.5651835500000288
35,blood_transfusion_service_center,euclidean,Busca Binaria 2,6,6.506828362944079,0.5590203870709837,0.5590203870709837,-0.012397627115054034,-0.012397627115054034,0.5989130819998536
36,blood_transfusion_service_center,manhattan,Busca Binaria 1,2,10.004678776745266,0.627352503199313,0.7498179256471648,0.03416815043426367,0.07029247787251142,0.0006038367333303541
37,blood_transfusion_service_center,manhattan,Busca Binaria 1,20,9.170955545349827,0.6618225111191904,0.7498179256471648,0.04582882310708467,0.0798909825422145,0.003907913533354682
38,blood_transfusion_service_center,manhattan,Busca Binaria 1,3,10.004678776745266,0.6721773046705616,0.7498179256471648,0.03945385972933305,0.07755723464453358,0.0007863856333112077
39,blood_transfusion_service_center,manhattan,Busca Binaria 1,4,10.004678776745266,0.6892192433075336,0.7498179256471648,0.03603573637232933,0.06587670926387289,0.0010243343666540264
40,blood_transfusion_service_center,manhattan,Busca Binaria 1,5,9.587817161047546,0.649004363329331,0.7397908337881028,0.04483274103153903,0.07575455642618074,0.0012050113000213968
41,blood_transfusion_service_center,manhattan,Busca Binaria 1,6,9.587817161047546,0.6670318568231984,0.7498179256471648,0.043497472708312036,0.07481813717825524,0.0014034430999951533
42,blood_transfusion_service_center,manhattan,Busca Binaria 2,2,10.004678776745266,0.6379590565457328,0.6379590565457328,0.06938542398672348,0.06938542398672348,0.006970875999968484
43,blood_transfusion_service_center,manhattan,Busca Binaria 2,20,9.379844331047963,0.658841639503109,0.658841639503109,0.06043613011756688,0.06043613011756688,0.05672757799993633
44,blood_transfusion_service_center,manhattan,Busca Binaria 2,3,10.004678776745266,0.5680821327520007,0.5680821327520007,0.06621543041954134,0.06621543041954134,0.011607094999817491
45,blood_transfusion_service_center,manhattan,Busca Binaria 2,4,10.004678776745266,0.7397908337881028,0.7397908337881028,0.036843404800420164,0.036843404800420164,0.017191943000170795
46,blood_transfusion_service_center,manhattan,Busca Binaria 2,5,8.754093929652107,0.6281221503648365,0.6281221503648365,0.06305385172921195,0.06305385172921195,0.01865427899997485
47,blood_transfusion_service_center,manhattan,Busca Binaria 2,6,9.170955545349827,0.6073410172120186,0.6073410172120186,0.0655189208013245,0.0655189208013245,0.02598617400008152
48,breast_cancer_wisconsin_original,euclidean,Busca Binaria 1,2,7.634753646472836,0.516513079653325,0.5723143148945459,0.38590209311539264,0.8498660455751832,0.00791733276666188
49,breast_cancer_wisconsin_original,euclidean,Busca Binaria 1,20,6.043869311203167,0.534946348360733,0.5726162407430705,0.43203709262626694,0.8340688919916334,0.09405873436664933
50,breast_cancer_wisconsin_original,euclidean,Busca Binaria 1,3,6.36229470539403,0.5317797196385873,0.5685057921711131,0.40619855785117726,0.7452650032085002,0.016844107400015674
51,breast_cancer_wisconsin_original,euclidean,Busca Binaria 1,4,5.726065234854627,0.525108453499292,0.5673119004340457,0.39605426697000357,0.8180135962903043,0.022382307400016545
52,breast_cancer_wisconsin_original,euclidean,Busca Binaria 1,5,6.044179970124328,0.5343557813554206,0.5728660379873659,0.45083157484582614,0.8500168489248335,0.02869888089999222
53,breast_cancer_wisconsin_original,euclidean,Busca Binaria 1,6,6.2032373377591785,0.5309655085867007,0.5713766379334624,0.4166141152194919,0.8553802725978205,0.030052915299991885
54,breast_cancer_wisconsin_original,euclidean,Busca Binaria 2,2,7.634753646472836,0.5367992029594013,0.5367992029594013,0.45732535113057193,0.45732535113057193,0.13794713199990838
55,breast_cancer_wisconsin_original,euclidean,Busca Binaria 2,20,5.726332207364999,0.5017710000414131,0.5017710000414131,0.2546131316857628,0.2546131316857628,0.6566837949999353
56,breast_cancer_wisconsin_original,euclidean,Busca Binaria 2,3,6.36229470539403,0.513919731873699,0.513919731873699,0.05118379287433361,0.05118379287433361,0.1485878749999756
57,breast_cancer_wisconsin_original,euclidean,Busca Binaria 2,4,6.044179970124328,0.5501020384178281,0.5501020384178281,0.5512494587243109,0.5512494587243109,0.2972766729999421
58,breast_cancer_wisconsin_original,euclidean,Busca Binaria 2,5,5.726065234854627,0.5648288953621665,0.5648288953621665,0.7654150385072587,0.7654150385072587,0.36891394899998886
59,breast_cancer_wisconsin_original,euclidean,Busca Binaria 2,6,5.726065234854627,0.5387336132246177,0.5387336132246177,0.5322419723722958,0.5322419723722958,0.4252465349998147
60,breast_cancer_wisconsin_original,manhattan,Busca Binaria 1,2,14.526289372605103,0.5806444602223407,0.6331416712716657,0.42445391800225646,0.8074236512201587,0.00040267320001324456
61,breast_cancer_wisconsin_original,manhattan,Busca Binaria 1,20,14.058157000245759,0.6076901441922026,0.6399397613831556,0.53268141440703,0.7451566378338215,0.0038193388666513785
62,breast_cancer_wisconsin_original,manhattan,Busca Binaria 1,3,14.526289372605103,0.5781458281811316,0.638679779794955,0.4096578200943995,0.8340138294097716,0.0006213128333456552
63,breast_cancer_wisconsin_original,manhattan,Busca Binaria 1,4,13.618396286817283,0.5987928355598557,0.6364826152896915,0.5112924168121815,0.8553802725978205,0.0008940023000150177
64,breast_cancer_wisconsin_original,manhattan,Busca Binaria 1,5,14.526289372605103,0.5987524532207414,0.6384063248777815,0.5092689519155432,0.8180135962903043,0.0010639504999971905
65,breast_cancer_wisconsin_original,manhattan,Busca Binaria 1,6,14.299316101158148,0.6110616367209911,0.6401084303802156,0.5766687006837495,0.8446679792097064,0.0013643158666733748
66,breast_cancer_wisconsin_original,manhattan,Busca Binaria 2,2,14.526289372605103,0.5456410647148143,0.5456410647148143,0.29657633746652157,0.29657633746652157,0.012572570999964228
67,breast_cancer_wisconsin_original,manhattan,Busca Binaria 2,20,13.362608049268665,0.6330060645727488,0.6330060645727488,0.6845263606757069,0.6845263606757069,0.12390775600010784
68,breast_cancer_wisconsin_original,manhattan,Busca Binaria 2,3,14.526289372605103,0.5994112768398233,0.5994112768398233,0.44025152927976924,0.44025152927976924,0.021177174999820636
69,breast_cancer_wisconsin_original,manhattan,Busca Binaria 2,4,13.618396286817283,0.5511514397406612,0.5511514397406612,0.23302493016027703,0.23302493016027703,0.018685560999983863
70,breast_cancer_wisconsin_original,manhattan,Busca Binaria 2,5,13.164449743923374,0.5357949416925396,0.5357949416925396,0.15132383512294847,0.15132383512294847,0.02390323100007663
71,breast_cancer_wisconsin_original,manhattan,Busca Binaria 2,6,12.710503201029464,0.6273105155740082,0.6273105155740082,0.6261291260074583,0.6261291260074583,0.029060445999903095
72,mammographic_mass,euclidean,Busca Binaria 1,2,7.740852955085897,0.9081562441083264,0.9081562441083264,0.0003320449777925208,0.0003320449777925208,0.02968259339998743
73,mammographic_mass,euclidean,Busca Binaria 1,20,6.0475413711608565,0.9081562441083264,0.9081562441083264,0.0003320449777925208,0.0003320449777925208,0.18480764296665106
74,mammographic_mass,euclidean,Busca Binaria 1,3,7.740852955085897,0.9081562441083264,0.9081562441083264,0.0003320449777925208,0.0003320449777925208,0.04026171406665829
75,mammographic_mass,euclidean,Busca Binaria 1,4,5.805639716314422,0.9081562441083264,0.9081562441083264,0.0003320449777925208,0.0003320449777925208,0.04382446323334837
76,mammographic_mass,euclidean,Busca Binaria 1,5,6.289443026007291,0.9081562441083264,0.9081562441083264,0.0003320449777925208,0.0003320449777925208,0.05417292226664661
77,mammographic_mass,euclidean,Busca Binaria 1,6,6.289443026007291,0.9081562441083264,0.9081562441083264,0.0003320449777925208,0.0003320449777925208,0.06974684896665621
78,mammographic_mass,euclidean,Busca Binaria 2,2,7.740852955085897,0.9081562441083264,0.9081562441083264,0.0003320449777925208,0.0003320449777925208,0.19774014700010412
79,mammographic_mass,euclidean,Busca Binaria 2,20,5.998257452467168,0.9081562441083264,0.9081562441083264,0.0003320449777925208,0.0003320449777925208,0.6816441979999581
80,mammographic_mass,euclidean,Busca Binaria 2,3,5.805639716314422,0.9081562441083264,0.9081562441083264,0.0003320449777925208,0.0003320449777925208,0.2689345419998972
81,mammographic_mass,euclidean,Busca Binaria 2,4,6.7732463357001595,0.9081562441083264,0.9081562441083264,0.0003320449777925208,0.0003320449777925208,0.406092985999976
82,mammographic_mass,euclidean,Busca Binaria 2,5,6.289443026007291,0.9081562441083264,0.9081562441083264,0.0003320449777925208,0.0003320449777925208,0.39198323799996615
83,mammographic_mass,euclidean,Busca Binaria 2,6,6.0475413711608565,0.9081562441083264,0.9081562441083264,0.0003320449777925208,0.0003320449777925208,0.4939823780000552
84,mammographic_mass,manhattan,Busca Binaria 1,2,10.027863830792615,0.8658553386638543,0.8658553386638543,0.0003320449777925208,0.0003320449777925208,0.0013335782000164424
85,mammographic_mass,manhattan,Busca Binaria 1,20,9.98853947464464,0.8658553386638543,0.8658553386638543,0.0003320449777925208,0.0003320449777925208,0.008374161633302417
86,mammographic_mass,manhattan,Busca Binaria 1,3,10.027863830792615,0.8658553386638543,0.8658553386638543,0.0003320449777925208,0.0003320449777925208,0.0016752375666555964
87,mammographic_mass,manhattan,Busca Binaria 1,4,10.027863830792615,0.8658553386638543,0.8658553386638543,0.0003320449777925208,0.0003320449777925208,0.002020842366702406
88,mammographic_mass,manhattan,Busca Binaria 1,5,10.027863830792615,0.8658553386638543,0.8658553386638543,0.0003320449777925208,0.0003320449777925208,0.0022326257333285565
89,mammographic_mass,manhattan,Busca Binaria 1,6,10.341234575504885,0.8658553386638543,0.8658553386638543,0.0003320449777925208,0.0003320449777925208,0.0027402744333206402
90,mammographic_mass,manhattan,Busca Binaria 2,2,15.041795746188923,0.8658553386638543,0.8658553386638543,0.0003320449777925208,0.0003320449777925208,0.00956679199998689
91,mammographic_mass,manhattan,Busca Binaria 2,20,9.401122341368076,0.8658553386638543,0.8658553386638543,0.0003320449777925208,0.0003320449777925208,0.13036229299996194
92,mammographic_mass,manhattan,Busca Binaria 2,3,10.027863830792615,0.8658553386638543,0.8658553386638543,0.0003320449777925208,0.0003320449777925208,0.019505805000108012
93,mammographic_mass,manhattan,Busca Binaria 2,4,12.534829788490768,0.8658553386638543,0.8658553386638543,0.0003320449777925208,0.0003320449777925208,0.008674360999975761
94,mammographic_mass,manhattan,Busca Binaria 2,5,11.281346809641692,0.8658553386638543,0.8658553386638543,0.0003320449777925208,0.0003320449777925208,0.010817444999929648
95,mammographic_mass,manhattan,Busca Binaria 2,6,9.714493086080346,0.8658553386638543,0.8658553386638543,0.0003320449777925208,0.0003320449777925208,0.03509946399981345
96,maternal_health_risk,euclidean,Busca Binaria 1,2,5.648508836602682,0.26435869481334834,0.3522798888684768,0.09890950577106677,0.22340013629523603,0.024205926366676067
97,maternal_health_risk,euclidean,Busca Binaria 1,20,4.589413429739679,0.2589470055911907,0.35408853776593174,0.060150693137549845,0.18844916926434052,0.18650355093335141
98,maternal_health_risk,euclidean,Busca Binaria 1,3,5.648508836602682,0.263673181107583,0.35415763237392983,0.06858518777409821,0.17082129106839095,0.028829081466634914
99,maternal_health_risk,euclidean,Busca Binaria 1,4,4.942445232027347,0.26336788321102506,0.6338310663611614,0.04663522035062278,0.14356138695381623,0.037480484366650066
100,maternal_health_risk,euclidean,Busca Binaria 1,5,4.942445232027347,0.2543917558328318,0.34545160185062995,0.05096943200725903,0.1991325875471273,0.053652128266685396
101,maternal_health_risk,euclidean,Busca Binaria 1,6,4.7659293308835124,0.268019357405055,0.35447519961920665,0.07828576736431342,0.20335461290399381,0.06026811759998054
102,maternal_health_risk,euclidean,Busca Binaria 2,2,5.648508836602682,0.24758633202022778,0.24758633202022778,0.12626627655196573,0.12626627655196573,0.5297587000000021
103,maternal_health_risk,euclidean,Busca Binaria 2,20,4.3694365211975175,0.2679997204701722,0.2679997204701722,0.0015046144294774914,0.0015046144294774914,0.7147603710000112
104,maternal_health_risk,euclidean,Busca Binaria 2,3,5.648508836602682,0.12029519808308473,0.12029519808308473,0.05038865167057899,0.05038865167057899,0.5417824040000596
105,maternal_health_risk,euclidean,Busca Binaria 2,4,4.942445232027347,0.26793783120925063,0.26793783120925063,0.008978493128173944,0.008978493128173944,0.5346900229999392
106,maternal_health_risk,euclidean,Busca Binaria 2,5,4.589413429739679,0.3263121613941475,0.3263121613941475,0.10777573977375114,0.10777573977375114,0.5692114919997948
107,maternal_health_risk,euclidean,Busca Binaria 2,6,4.589413429739679,0.3302993913133032,0.3302993913133032,0.13649631651880703,0.13649631651880703,0.5784157790001245
108,maternal_health_risk,manhattan,Busca Binaria 1,2,9.559389676305436,0.2546770558351722,0.3906195781249966,0.06739400805801594,0.18583558969646838,0.0010687969333351552
109,maternal_health_risk,manhattan,Busca Binaria 1,20,8.811978899001524,0.28697962951547606,0.3534624506816884,0.07714825187686132,0.18394516462839605,0.007436919166646779
110,maternal_health_risk,manhattan,Busca Binaria 1,3,8.364465966767256,0.2818993749865965,0.3657407424870689,0.09752530118055008,0.20621415210926727,0.0015337516000196653
111,maternal_health_risk,manhattan,Busca Binaria 1,4,9.559389676305436,0.29457570188832793,0.3779339460385767,0.07531396758256609,0.1914571568004216,0.0016703621333287325
112,maternal_health_risk,manhattan,Busca Binaria 1,5,8.6631968941518,0.29001013220594624,0.3814770955746874,0.08000269102248199,0.1903926499898421,0.0021420495333586585
113,maternal_health_risk,manhattan,Busca Binaria 1,6,8.364465966767256,0.29637249792780757,0.37596153952887745,0.06827305242237498,0.20054475947349681,0.0024406821333362435
114,maternal_health_risk,manhattan,Busca Binaria 2,2,9.559389676305436,0.27046408524017035,0.27046408524017035,0.11144867736305618,0.11144867736305618,0.028359066999882998
115,maternal_health_risk,manhattan,Busca Binaria 2,20,8.58685495122217,0.250804261726987,0.250804261726987,0.10200503265977415,0.10200503265977415,0.12134440700015148
116,maternal_health_risk,manhattan,Busca Binaria 2,3,8.364465966767256,0.32913186462821054,0.32913186462821054,-0.004676591713919517,-0.004676591713919517,0.021965867000062644
117,maternal_health_risk,manhattan,Busca Binaria 2,4,8.961927821536346,0.2993558695734361,0.2993558695734361,0.11108665120069447,0.11108665120069447,0.03265242699990267
118,maternal_health_risk,manhattan,Busca Binaria 2,5,8.6631968941518,0.25966925070323144,0.25966925070323144,0.04771342438329962,0.04771342438329962,0.04174529499982782
119,maternal_health_risk,manhattan,Busca Binaria 2,6,8.513831430459529,0.33227458555187833,0.33227458555187833,-0.004587792455867948,-0.004587792455867948,0.04247211300003073
120,raisin,euclidean,Busca Binaria 1,2,7.338062597943494,0.4148003500686743,0.5300899735123911,0.09555261354943509,0.36735540665625604,0.00985581130000431
121,raisin,euclidean,Busca Binaria 1,20,6.856143936115661,0.4728968202047813,0.6218985889204124,0.06426270756872503,0.2837386153209141,0.13916925130001043
122,raisin,euclidean,Busca Binaria 1,3,7.338062597943494,0.501216789564247,0.6411105755491125,0.11511167797110534,0.48323622487466455,0.027577054233339972
123,raisin,euclidean,Busca Binaria 1,4,7.338062597943494,0.4995860867632094,0.6218985889204124,0.1040223145870692,0.5242906096006905,0.03191898363334834
124,raisin,euclidean,Busca Binaria 1,5,6.879433685572025,0.5100690107687396,0.6218985889204124,0.07002710824233944,0.3783078376587822,0.03497850523333076
125,raisin,euclidean,Busca Binaria 1,6,6.420804773200556,0.4804235284275641,0.6411105755491125,0.13334102136739362,0.44386145783472636,0.04242405310000095
126,raisin,euclidean,Busca Binaria 2,2,7.338062597943494,0.4118722755835937,0.4118722755835937,0.3921161948927993,0.3921161948927993,0.35266809999995985
127,raisin,euclidean,Busca Binaria 2,20,6.535475997537087,0.6218985889204124,0.6218985889204124,-9.712037217581318e-06,-9.712037217581318e-06,0.7099079810000148
128,raisin,euclidean,Busca Binaria 2,3,6.420804773200556,0.48255392203072683,0.48255392203072683,0.11203428313404416,0.11203428313404416,0.5710177180000073
129,raisin,euclidean,Busca Binaria 2,4,6.879433685572025,0.6218985889204124,0.6218985889204124,-9.712037217581318e-06,-9.712037217581318e-06,0.6204199259999541
130,raisin,euclidean,Busca Binaria 2,5,7.10874814175776,0.6043468583765051,0.6043468583765051,1.0107599294707103e-05,1.0107599294707103e-05,0.658838216999925
131,raisin,euclidean,Busca Binaria 2,6,6.420804773200556,0.4655514941596246,0.4655514941596246,0.1871504439787889,0.1871504439787889,0.6610789799999566
132,raisin,manhattan,Busca Binaria 1,2,14.206282032768899,0.524689774788062,0.5980815620422105,0.03982613257383911,0.2538236575183877,0.0007951354000018304
133,raisin,manhattan,Busca Binaria 1,20,15.235183974732667,0.5146397418850488,0.6051513048753812,0.11906913892321719,0.4894382734243669,0.005162611566674968
134,raisin,manhattan,Busca Binaria 1,3,14.206282032768899,0.5056711249848711,0.5721901894092507,0.1101590815978755,0.42620902643392017,0.0010564655666750393
135,raisin,manhattan,Busca Binaria 1,4,16.573995704897047,0.5096143681779778,0.6265180037787835,0.09671643672707209,0.4925644938369518,0.0012434473333200913
136,raisin,manhattan,Busca Binaria 1,5,14.206282032768899,0.505849657270577,0.6051513048753812,0.15277906957658963,0.3948439173367954,0.001393016566657934
137,raisin,manhattan,Busca Binaria 1,6,13.61435361473686,0.5034771631420101,0.6265180037787835,0.13474864807899747,0.4894470331147985,0.0016428315333352353
138,raisin,manhattan,Busca Binaria 2,2,14.206282032768899,0.5160756859009678,0.5160756859009678,0.12270286526186433,0.12270286526186433,0.008390449999978955
139,raisin,manhattan,Busca Binaria 2,20,12.869800587209195,0.5204691048696353,0.5204691048696353,0.06596914932848376,0.06596914932848376,0.1284787409999808
140,raisin,manhattan,Busca Binaria 2,3,14.206282032768899,0.5160322424290706,0.5160322424290706,0.08682874686957538,0.08682874686957538,0.0154715449999685
141,raisin,manhattan,Busca Binaria 2,4,14.206282032768899,0.5125135207393166,0.5125135207393166,0.06037849829815771,0.06037849829815771,0.01850624099995457
142,raisin,manhattan,Busca Binaria 2,5,13.61435361473686,0.5134052363100289,0.5134052363100289,0.09080688200741889,0.09080688200741889,0.02838214500002323
143,raisin,manhattan,Busca Binaria 2,6,13.61435361473686,0.5154349657495794,0.5154349657495794,0.14549571758094473,0.14549571758094473,0.024955236000096193
144,rice_cammeo_and_osmancik,euclidean,Busca Binaria 1,2,6.9881910703744055,0.30153309477421797,0.408771122184524,0.2461472821064387,0.7150279792581034,0.004713943233336219
145,rice_cammeo_and_osmancik,euclidean,Busca Binaria 1,20,6.407263565622822,0.337211331955017,0.4077094573831126,0.2989330969989224,0.6361145947589613,0.034955610133321595
146,rice_cammeo_and_osmancik,euclidean,Busca Binaria 1,3,6.114667186577605,0.3298427880233708,0.4059149009670649,0.26932439442868666,0.6411728767128382,0.007231539233328021
147,rice_cammeo_and_osmancik,euclidean,Busca Binaria 1,4,6.551429128476006,0.32969488649751627,0.4079100826612447,0.27233346577023704,0.6590362113836309,0.00912919063332917
148,rice_cammeo_and_osmancik,euclidean,Busca Binaria 1,5,6.114667186577605,0.3130512487554042,0.4072938366251245,0.22082678425309915,0.6285690919206358,0.009801048566669125
149,rice_cammeo_and_osmancik,euclidean,Busca Binaria 1,6,6.114667186577605,0.342151457771371,0.4099314270931242,0.32415511937253655,0.6875286930180686,0.010467820566661127
150,rice_cammeo_and_osmancik,euclidean,Busca Binaria 2,2,6.9881910703744055,0.38928520574891523,0.38928520574891523,0.5016044665327893,0.5016044665327893,0.10288902399997824
151,rice_cammeo_and_osmancik,euclidean,Busca Binaria 2,20,5.841877577724679,0.40377972905991477,0.40377972905991477,0.6404878893730969,0.6404878893730969,0.4617544940000471
152,rice_cammeo_and_osmancik,euclidean,Busca Binaria 2,3,6.114667186577605,0.38068184084640566,0.38068184084640566,0.43700259053741763,0.43700259053741763,0.13831716100003177
153,rice_cammeo_and_osmancik,euclidean,Busca Binaria 2,4,6.114667186577605,0.4018507254806191,0.4018507254806191,0.626770788620626,0.626770788620626,0.15923248199999307
154,rice_cammeo_and_osmancik,euclidean,Busca Binaria 2,5,5.896286215628404,0.393735264107635,0.393735264107635,0.5056287340808987,0.5056287340808987,0.1531990889999406
155,rice_cammeo_and_osmancik,euclidean,Busca Binaria 2,6,5.896286215628404,0.4031917484926762,0.4031917484926762,0.6431778445712864,0.6431778445712864,0.19479085800003304
156,rice_cammeo_and_osmancik,manhattan,Busca Binaria 1,2,12.347709261792687,0.3638115816907643,0.4530295938521813,0.33862474263047276,0.6669395378994244,0.004337615466670286
157,rice_cammeo_and_osmancik,manhattan,Busca Binaria 1,20,12.347709261792687,0.39418306926746316,0.4540284229136833,0.4281000679166543,0.6842564696380735,0.02794786616667011
158,rice_cammeo_and_osmancik,manhattan,Busca Binaria 1,3,12.347709261792687,0.36093801287469623,0.45113543852984433,0.3051128757823166,0.6721295435259806,0.005599745966655216
159,rice_cammeo_and_osmancik,manhattan,Busca Binaria 1,4,13.376685033608744,0.39180650747402795,0.4483316181398965,0.40773095058382974,0.6788890711331704,0.007176960733333241
160,rice_cammeo_and_osmancik,manhattan,Busca Binaria 1,5,13.376685033608744,0.38977565041474016,0.4569777377155137,0.40554678036893016,0.6746081532320694,0.008363728866659889
161,rice_cammeo_and_osmancik,manhattan,Busca Binaria 1,6,13.633928976562759,0.41155203398393386,0.4570947275079717,0.4798307330251934,0.678212081208383,0.00960239149999514
162,rice_cammeo_and_osmancik,manhattan,Busca Binaria 2,2,16.463612349056916,0.4351332651809368,0.4351332651809368,0.6231698962500755,0.6231698962500755,0.09032243000001472
163,rice_cammeo_and_osmancik,manhattan,Busca Binaria 2,20,12.803271578980842,0.4517229001563519,0.4517229001563519,0.5997450081522561,0.5997450081522561,0.47243742800003474
164,rice_cammeo_and_osmancik,manhattan,Busca Binaria 2,3,14.405660805424802,0.4313943677333186,0.4313943677333186,0.6116452234882127,0.6116452234882127,0.0947314740000138
165,rice_cammeo_and_osmancik,manhattan,Busca Binaria 2,4,13.376685033608744,0.44526411335376176,0.44526411335376176,0.6446091224738109,0.6446091224738109,0.11434119500000861
166,rice_cammeo_and_osmancik,manhattan,Busca Binaria 2,5,12.347709261792687,0.43958381799640617,0.43958381799640617,0.6207128690313379,0.6207128690313379,0.1935515920000057
167,rice_cammeo_and_osmancik,manhattan,Busca Binaria 2,6,12.604953204746701,0.43532349870685777,0.43532349870685777,0.5744322833439918,0.5744322833439918,0.1629332120000413
168,statlog_vehicle_silhouettes,euclidean,Busca Binaria 1,2,10.019967389171859,0.23025045937223593,0.35617462392487426,0.07117986254739532,0.13183915255362924,0.026630683733335065
169,statlog_vehicle_silhouettes,euclidean,Busca Binaria 1,20,6.066624237593846,0.31890049434298984,0.4112237182230543,0.0660634745158597,0.10192626350491675,0.20236321493332715
170,statlog_vehicle_silhouettes,euclidean,Busca Binaria 1,3,7.5149755418788935,0.26998216539293407,0.4111467616259765,0.05986600770321537,0.1195856774263358,0.03948118056666961
171,statlog_vehicle_silhouettes,euclidean,Busca Binaria 1,4,7.5149755418788935,0.30275075412265917,0.40669588316424377,0.06854131398669253,0.12493643908048473,0.0432204699666651
172,statlog_vehicle_silhouettes,euclidean,Busca Binaria 1,5,6.262479618232412,0.30290865288698227,0.41261882369385183,0.06321267690875534,0.10319112302860117,0.04895284926667311
173,statlog_vehicle_silhouettes,euclidean,Busca Binaria 1,6,6.262479618232412,0.3052285196763874,0.41318237221540505,0.06998621481979096,0.12144134162748185,0.05824450106666556
174,statlog_vehicle_silhouettes,euclidean,Busca Binaria 2,2,10.019967389171859,0.24179668315732497,0.24179668315732497,0.05111698839717799,0.05111698839717799,0.2310821040000519
175,statlog_vehicle_silhouettes,euclidean,Busca Binaria 2,20,5.636078763840366,0.4094904604741258,0.4094904604741258,0.0758310132632428,0.0758310132632428,0.7613979559999962
176,statlog_vehicle_silhouettes,euclidean,Busca Binaria 2,3,7.5149755418788935,0.21805098405826717,0.21805098405826717,0.0811818574677779,0.0811818574677779,0.26090130800002953
177,statlog_vehicle_silhouettes,euclidean,Busca Binaria 2,4,7.5149755418788935,0.29006761874130227,0.29006761874130227,0.07783608556242153,0.07783608556242153,0.26031399400000055
178,statlog_vehicle_silhouettes,euclidean,Busca Binaria 2,5,6.262479618232412,0.40336267259067454,0.40336267259067454,0.09439158711403929,0.09439158711403929,0.4749943920000419
179,statlog_vehicle_silhouettes,euclidean,Busca Binaria 2,6,6.262479618232412,0.39040818145837014,0.39040818145837014,0.07874459940190398,0.07874459940190398,0.4906199199999719
180,statlog_vehicle_silhouettes,manhattan,Busca Binaria 1,2,34.95278424859794,0.242013554844251,0.42550682643674864,0.05860026980138069,0.12194613458858115,0.0018908798666643634
181,statlog_vehicle_silhouettes,manhattan,Busca Binaria 1,20,20.616681334133947,0.31730628846733466,0.46495588647927577,0.07668131717834532,0.12937447340960626,0.011732946800003674
182,statlog_vehicle_silhouettes,manhattan,Busca Binaria 1,3,26.21458818644846,0.2637981686865635,0.42082781118515183,0.06621988053775256,0.11068575893978432,0.002351084666673842
183,statlog_vehicle_silhouettes,manhattan,Busca Binaria 1,4,21.845490155373717,0.3071799540789698,0.4219955927627552,0.07624342294247441,0.12200358574000197,0.002760676766672532
184,statlog_vehicle_silhouettes,manhattan,Busca Binaria 1,5,21.845490155373717,0.282669131411108,0.46573575949912094,0.06944673083367016,0.11022324169403008,0.002792895066664869
185,statlog_vehicle_silhouettes,manhattan,Busca Binaria 1,6,21.845490155373717,0.27891076051536473,0.4606386529975268,0.06776313001229013,0.11718556958583042,0.00317856373332764
186,statlog_vehicle_silhouettes,manhattan,Busca Binaria 2,2,34.95278424859794,0.26220120440236805,0.26220120440236805,0.06825983902484187,0.06825983902484187,0.014485142000012274
187,statlog_vehicle_silhouettes,manhattan,Busca Binaria 2,20,20.21087842099991,0.33581733618731235,0.33581733618731235,0.11052338097889136,0.11052338097889136,0.1245651799999905
188,statlog_vehicle_silhouettes,manhattan,Busca Binaria 2,3,26.21458818644846,0.314294213376274,0.314294213376274,0.0941385841153279,0.0941385841153279,0.014784065000014834
189,statlog_vehicle_silhouettes,manhattan,Busca Binaria 2,4,21.845490155373717,0.3167361137468831,0.3167361137468831,0.07299702658393022,0.07299702658393022,0.01608378699995683
190,statlog_vehicle_silhouettes,manhattan,Busca Binaria 2,5,19.660941139836346,0.4119251753000907,0.4119251753000907,0.09931203560666563,0.09931203560666563,0.018316059000028417
191,statlog_vehicle_silhouettes,manhattan,Busca Binaria 2,6,21.845490155373717,0.36607454467038353,0.36607454467038353,0.10722311554704793,0.10722311554704793,0.031232070999976713
192,wine_quality,euclidean,Busca Binaria 1,2,10.002198970469312,0.15365655463113476,0.34645999065617056,0.011701571666780985,0.04994260654631123,0.016795766899993698
193,wine_quality,euclidean,Busca Binaria 1,20,8.335165808724426,0.18453969545782795,0.3612887525944492,0.0040452115162304654,0.05870905259374599,0.11475082883331046
194,wine_quality,euclidean,Busca Binaria 1,3,10.002198970469312,0.13698223381202831,0.3102263559350793,0.01547390494940196,0.08156316836961341,0.01600097163332824
195,wine_quality,euclidean,Busca Binaria 1,4,8.335165808724426,0.1712841816267546,0.3147901455137158,0.015352402128495217,0.09185037444573675,0.024269617533324586
196,wine_quality,euclidean,Busca Binaria 1,5,8.335165808724426,0.19141892168193575,0.4614130001354081,0.006419991795804045,0.06718016222068687,0.029586750533326267
197,wine_quality,euclidean,Busca Binaria 1,6,8.751924099160647,0.21209010328229622,0.4582310463697936,0.009334797141660559,0.057675223062496735,0.03349085453334434
198,wine_quality,euclidean,Busca Binaria 2,2,10.002198970469312,0.10888824840722333,0.10888824840722333,0.017023621752342268,0.017023621752342268,0.1039020860000619
199,wine_quality,euclidean,Busca Binaria 2,20,8.1104561689714,0.22794682325762605,0.22794682325762605,0.007068844432219556,0.007068844432219556,1.6947084519999862
200,wine_quality,euclidean,Busca Binaria 2,3,10.002198970469312,0.12533391545399322,0.12533391545399322,0.019714323788641668,0.019714323788641668,0.10405734799996935
201,wine_quality,euclidean,Busca Binaria 2,4,9.168682389596869,0.2414744957072153,0.2414744957072153,0.0024420186800578813,0.0024420186800578813,0.22777607799980615
202,wine_quality,euclidean,Busca Binaria 2,5,8.335165808724426,0.3336088550375872,0.3336088550375872,-0.00043043748181550425,-0.00043043748181550425,0.2196482990000277
203,wine_quality,euclidean,Busca Binaria 2,6,8.960303244378757,0.15033353868915147,0.15033353868915147,-0.007476265834116499,-0.007476265834116499,0.44258297299984406
204,wine_quality,manhattan,Busca Binaria 1,2,24.68414662605243,0.09920733598305166,0.18088340349085605,0.02204788159768118,0.07822704996953264,0.013895963299993734
205,wine_quality,manhattan,Busca Binaria 1,20,19.02736302424875,0.13826595045722412,0.27419462074510564,0.011277488504145037,0.04824445374345999,0.10477358589999615
206,wine_quality,manhattan,Busca Binaria 1,3,20.570122188377027,0.1441253205433385,0.25676486347200517,0.01264455169144334,0.061943385745793396,0.019662261266667733
207,wine_quality,manhattan,Busca Binaria 1,4,18.51310996953932,0.13898327291569101,0.2563647894110946,0.0155506553999911,0.05124908880473578,0.022249833966676156
208,wine_quality,manhattan,Busca Binaria 1,5,18.51310996953932,0.13347579120850245,0.27080162555682974,0.015708990584173646,0.05997348012609672,0.026633672866660164
209,wine_quality,manhattan,Busca Binaria 1,6,18.51310996953932,0.13460109283826358,0.24546448309722982,0.015080604426886472,0.04166393820202517,0.032710488800000805
210,wine_quality,manhattan,Busca Binaria 2,2,24.68414662605243,0.16160403494108047,0.16160403494108047,0.03250457930734606,0.03250457930734606,0.11415361799993207
211,wine_quality,manhattan,Busca Binaria 2,20,17.998856914829897,0.2701040458330731,0.2701040458330731,0.0017188120560725295,0.0017188120560725295,1.7482426389999546
212,wine_quality,manhattan,Busca Binaria 2,3,20.570122188377027,0.08949665289699475,0.08949665289699475,0.019663594242605765,0.019663594242605765,0.13031503900003827
213,wine_quality,manhattan,Busca Binaria 2,4,18.51310996953932,0.0362864610763653,0.0362864610763653,0.0020050301307550883,0.0020050301307550883,0.20231060399999024
214,wine_quality,manhattan,Busca Binaria 2,5,18.51310996953932,0.18094003549761567,0.18094003549761567,0.018804674788102386,0.018804674788102386,0.20616733300005308
215,wine_quality,manhattan,Busca Binaria 2,6,18.51310996953932,0.13025476986585488,0.13025476986585488,0.023568711943794143,0.023568711943794143,0.30875238700002683
216,yeast,euclidean,Busca Binaria 1,2,6.111998769121615,0.13742086620962887,0.21010213921349025,0.07677228576139887,0.1771704900634647,0.07609037443335183
217,yeast,euclidean,Busca Binaria 1,20,4.80683236529877,0.16610411871099326,0.2760661700043546,0.07856811814373141,0.1852632341165562,0.5186348662000076
218,yeast,euclidean,Busca Binaria 1,3,5.0933323076013455,0.15680952726311664,0.26428440704905876,0.09120880502948396,0.22020362504861457,0.10845080406664541
219,yeast,euclidean,Busca Binaria 1,4,5.0933323076013455,0.16366818092376603,0.24826124046958994,0.0723748455347528,0.15671061378948178,0.13753567953334217
220,yeast,euclidean,Busca Binaria 1,5,5.0933323076013455,0.16232028353825598,0.2743796958917437,0.09759544254688787,0.2323316025042372,0.14217435619999985
221,yeast,euclidean,Busca Binaria 1,6,5.0933323076013455,0.1761599137176306,0.2543396201278535,0.07494013846114765,0.19210978476736282,0.176365275333319
222,yeast,euclidean,Busca Binaria 2,2,6.111998769121615,0.12332644342598788,0.12332644342598788,0.08469699852690064,0.08469699852690064,0.5422444050000195
223,yeast,euclidean,Busca Binaria 2,20,4.781947035023899,0.23391034691465215,0.23391034691465215,0.11732612068378297,0.11732612068378297,1.065579378999928
224,yeast,euclidean,Busca Binaria 2,3,5.0933323076013455,0.22264728625244498,0.22264728625244498,0.10072310395493617,0.10072310395493617,0.5438590180001484
225,yeast,euclidean,Busca Binaria 2,4,5.0933323076013455,0.14893231862065,0.14893231862065,0.04997468726979069,0.04997468726979069,0.5485587109999415
226,yeast,euclidean,Busca Binaria 2,5,5.0933323076013455,0.21832434062517217,0.21832434062517217,0.10229128186579929,0.10229128186579929,0.5830197919999591
227,yeast,euclidean,Busca Binaria 2,6,4.838665692221278,0.2352614750259848,0.2352614750259848,0.09087033329769541,0.09087033329769541,0.5778929909999988
228,yeast,manhattan,Busca Binaria 1,2,9.633794876529382,0.12041923623156577,0.2159802187336132,0.09082215975525824,0.1565362031895087,0.003280523499999314
229,yeast,manhattan,Busca Binaria 1,20,9.59616286529294,0.15077014400227615,0.2263308752282173,0.08419339750505786,0.16781483178131038,0.023457078033349413
230,yeast,manhattan,Busca Binaria 1,3,9.633794876529382,0.12818761705612333,0.2233148464533576,0.08623140531871304,0.20632882386496196,0.004106583733331112
231,yeast,manhattan,Busca Binaria 1,4,9.633794876529382,0.12637794489768892,0.20916217116129518,0.0936744050529942,0.18486886800254979,0.004578527100003764
232,yeast,manhattan,Busca Binaria 1,5,9.633794876529382,0.14664132262521729,0.2610411283217117,0.07374669205945424,0.19805866329866806,0.005470245566675658
233,yeast,manhattan,Busca Binaria 1,6,9.633794876529382,0.14590437253748767,0.23945510012320248,0.08278310868236484,0.16660052675687428,0.006932671233334986
234,yeast,manhattan,Busca Binaria 2,2,9.633794876529382,0.21958826497617268,0.21958826497617268,0.11167183009995801,0.11167183009995801,0.0441454369999974
235,yeast,manhattan,Busca Binaria 2,20,9.187870243381921,0.1637843467271343,0.1637843467271343,0.04744694818192488,0.04744694818192488,0.3254447289998552
236,yeast,manhattan,Busca Binaria 2,3,9.633794876529382,0.18304198965260682,0.18304198965260682,0.08312268756302287,0.08312268756302287,0.07548419700015074
237,yeast,manhattan,Busca Binaria 2,4,9.633794876529382,0.14744143226089326,0.14744143226089326,0.1693157811085145,0.1693157811085145,0.09980582299999696
238,yeast,manhattan,Busca Binaria 2,5,9.633794876529382,0.1145737047997609,0.1145737047997609,0.07251071035874955,0.07251071035874955,0.10834011800011467
239,yeast,manhattan,Busca Binaria 2,6,9.633794876529382,0.24869606698570398,0.24869606698570398,0.08683646200375802,0.08683646200375802,0.11678131899998334
